group1,group2,weight
19292162,535553,2
19292162,19194894,1
19292162,19728145,1
19292162,18850080,2
19292162,1728035,1
19292162,22817838,2
19292162,19997487,2
19292162,18855476,2
19292162,18955830,1
19292162,11294262,1
19292162,1360698,2
19292162,1179719,1
19292162,1457232,1
19292162,13560402,1
19292162,7151442,1
19292162,18506072,1
19292162,16477792,2
19292162,20947040,1
19292162,5618532,1
19292162,11625832,5
19292162,18837102,1
19292162,7130232,1
19292162,3173762,1
19292162,16487812,5
19292162,7836842,6
19292162,17467312,3
19292162,16447162,1
19292162,9376702,3
19292162,6707902,2
19292162,10178242,12
19292162,14546632,1
19292162,14649032,1
19292162,4705492,1
19292162,18616278,1
19292162,526316,2
19292162,10016242,5
19292162,19654655,1
21182471,1187715,1
21182471,25357512,1
21182471,19728145,2
21182471,7699922,1
21182471,20940321,1
21182471,18801828,1
21182471,1642477,1
21182471,18243826,1
21182471,18297014,2
21182471,1473660,1
18288648,21715712,1
18288648,18562307,1
18288648,541319,1
18288648,19728145,2
18288648,7836842,2
18288648,17467312,1
18288648,1697586,1
18288648,18955830,1
18288648,4063542,1
18288648,18767675,1
18288648,339011,1
18288648,18556100,1
18288648,16062152,2
18288648,1417288,1
18288648,22985677,1
18288648,1457232,1
18288648,19266390,1
18288648,18506072,1
18288648,1498076,1
18288648,21174496,1
18288648,20947040,1
18288648,18529135,1
18288648,19094001,1
18288648,18243826,1
18288648,15297782,1
18288648,18414590,1
20064276,1358081,1
20064276,6928642,2
20064276,18456837,1
20064276,12847372,1
20064276,19728145,3
20064276,19262745,2
20064276,19416348,1
20064276,2520612,1
20064276,1585196,1
20064276,18955830,2
20064276,20181560,2
20064276,3636792,1
20064276,339011,1
20064276,1665349,1
20064276,19049542,1
20064276,1179719,1
20064276,1431882,1
20064276,24584525,1
20064276,1457232,1
20064276,5282132,2
20064276,1371991,2
20064276,21933145,1
20064276,20377949,1
20064276,20129636,1
20064276,19934054,1
20064276,24153712,1
20064276,24811380,1
20064276,929402,2
20064276,1473660,2
20064276,1187715,2
20064276,10426762,1
20064276,1492619,3
20064276,20068490,1
20064276,6230672,3
20064276,19713173,1
20064276,18801828,1
20064276,20186791,1
20064276,23723436,1
20064276,18589616,1
20064276,18297014,2
20064276,4126912,1
20064276,18953664,1
20064276,20384452,1
20064276,1751502,1
20064276,24675279,1
20064276,7699922,1
20064276,6284242,2
20064276,4705492,1
20064276,1576921,1
20064276,11077852,3
20064276,20836828,1
20064276,22197221,1
20064276,22422502,2
20064276,20197351,1
20064276,1642477,3
20064276,18361585,1
20064276,18243826,2
20064276,14566132,1
20064276,11776502,1
20064276,6629622,3
20064276,18256892,1
20064276,18414590,1
19275797,535553,1
19275797,16487812,2
19275797,18456837,1
19275797,11862932,1
19275797,18494105,1
19275797,4631582,1
19275797,1728035,1
19275797,20186791,1
19275797,6641192,1
19275797,7836842,1
19275797,19997487,1
19275797,17467312,1
19275797,405938,1
19275797,18855476,1
19275797,9376702,1
19275797,10178242,1
19275797,19904711,1
19275797,227528,1
19275797,14546632,1
19275797,19030621,1
19275797,10016242,1
19275797,7130232,1
20135961,18562307,1
20135961,11375762,1
20135961,21390741,1
20135961,19713173,3
20135961,19249559,1
20135961,18506072,3
20135961,19847832,1
20135961,3870752,1
20135961,6190702,1
20135961,19828207,2
20135961,8908602,1
3870752,16487812,1
3870752,19728145,1
3870752,18494105,1
3870752,20186791,1
3870752,1451826,1
3870752,16447162,1
3870752,1526075,3
3870752,18180033,1
3870752,339011,1
3870752,14649032,1
3870752,2542802,1
3870752,18506072,2
3870752,11625832,1
3870752,526316,1
3870752,16877932,1
21143591,1772099,1
21143591,227528,1
21143591,20806988,1
21143591,19728145,1
21143591,4705492,1
21143591,21933145,1
21143591,21174496,1
21143591,22730657,1
21143591,20336043,5
21143591,15552112,1
21143591,18243826,1
21143591,18297014,1
21143591,18955830,1
1585196,1102353,7
1585196,23816722,1
1585196,2556962,1
1585196,2520612,1
1585196,20583464,1
1585196,6641192,1
1585196,18955830,10
1585196,20181560,7
1585196,18567736,1
1585196,22023226,1
1585196,339011,44
1585196,1772099,2
1585196,1179719,1
1585196,1417288,2
1585196,18604107,1
1585196,168014,1
1585196,13560402,1
1585196,19030621,2
1585196,16477792,2
1585196,20166757,1
1585196,1507431,3
1585196,6190702,1
1585196,15552112,2
1585196,24039540,1
1585196,1292918,2
1585196,929402,8
1585196,1473660,1
1585196,1240194,1
1585196,541319,1
1585196,19708553,1
1585196,19824779,1
1585196,6230672,3
1585196,1776274,2
1585196,18795154,1
1585196,19713173,9
1585196,18494105,2
1585196,22374557,1
1585196,252576,4
1585196,11131552,2
1585196,20493986,1
1585196,20186791,1
1585196,1324203,2
1585196,19828398,2
1585196,15335602,1
1585196,18297014,3
1585196,1307837,1
1585196,6707902,2
1585196,4126912,1
1585196,20384452,1
1585196,16062152,1
1585196,4705492,1
1585196,11077852,2
1585196,21174496,3
1585196,25397992,1
1585196,18243826,14
1585196,1505523,1
1585196,6629622,3
1585196,15297782,1
1585196,1358081,1
1585196,6928642,1
1585196,18562307,3
1585196,18495240,30
1585196,12847372,7
1585196,19728145,18
1585196,19416348,1
1585196,18425641,1
1585196,20931376,1
1585196,1526075,1
1585196,20757821,1
1585196,5282132,2
1585196,19266390,3
1585196,1371991,3
1585196,18506072,6
1585196,18286946,1
1585196,20129636,1
1585196,19934054,1
1585196,11625832,3
1585196,18529135,1
1585196,1763190,3
1585196,18571126,1
1585196,1187715,6
1585196,16487812,2
1585196,24803205,2
1585196,20586888,1
1585196,1665418,1
1585196,6335372,1
1585196,11862932,1
1585196,19249559,3
1585196,22730657,2
1585196,19218850,1
1585196,21837219,1
1585196,20336043,4
1585196,18314669,1
1585196,18589616,3
1585196,18314164,1
1585196,9376702,1
1585196,1751502,1
1585196,18944977,1
1585196,18616278,1
1585196,1349592,7
1585196,17872862,1
1585196,18573279,1
1585196,23515107,2
1585196,22197221,8
1585196,19443174,2
1585196,20807142,1
1585196,22422502,1
1585196,526316,1
1585196,1642477,2
1585196,22736876,1
1585196,19828207,2
1585196,10016242,2
1585196,5327862,1
1585196,16548342,1
1585196,47094,1
1585196,18414590,1
1179719,535553,1
1179719,18798102,2
1179719,191516,4
1179719,788001,2
1179719,1728035,1
1179719,18855476,1
1179719,18955830,5
1179719,11294262,1
1179719,20181560,1
1179719,339011,2
1179719,168014,1
1179719,13560402,1
1179719,19030621,1
1179719,7130232,1
1179719,929402,1
1179719,710272,2
1179719,19713173,1
1179719,17487002,2
1179719,22374557,1
1179719,20186791,1
1179719,7836842,2
1179719,1324203,4
1179719,19828398,1
1179719,15335602,1
1179719,18297014,1
1179719,1578685,1
1179719,10178242,1
1179719,19556549,1
1179719,16062152,1
1179719,227528,2
1179719,18660552,1
1179719,11077852,1
1179719,7263452,1
1179719,25397992,1
1179719,18243826,1
1179719,14566132,2
1179719,15297782,1
1179719,2496252,1
1179719,6928642,1
1179719,18562307,2
1179719,12847372,1
1179719,19728145,1
1179719,19262745,1
1179719,1169709,1
1179719,19997487,1
1179719,1526075,1
1179719,1078077,1
1179719,5282132,1
1179719,1371991,3
1179719,18506072,4
1179719,18286946,1
1179719,5618532,1
1179719,19934054,1
1179719,11625832,1
1179719,1763190,1
1179719,18517376,1
1179719,1187715,4
1179719,16487812,1
1179719,10426762,1
1179719,23674770,3
1179719,19249559,1
1179719,18923420,1
1179719,22730657,1
1179719,11938732,1
1179719,18589616,1
1179719,18476981,1
1179719,9376702,1
1179719,23595967,1
1179719,19100119,1
1179719,20807142,3
1179719,25587693,2
1179719,1642477,1
1179719,10016242,1
1179719,5327862,7
1417288,1728035,1
1417288,19528743,1
1417288,18955830,1
1417288,22023226,1
1417288,8540732,1
1417288,1772099,1
1417288,339011,1
1417288,16607822,1
1417288,168014,1
1417288,15552112,1
1417288,1292918,1
1417288,929402,1
1417288,18672773,1
1417288,541319,9
1417288,19708553,1
1417288,1492619,1
1417288,1776274,3
1417288,18795154,1
1417288,7836842,1
1417288,18297014,1
1417288,1578685,1
1417288,4126912,3
1417288,16062152,1
1417288,19680459,1
1417288,4705492,3
1417288,11077852,1
1417288,8771812,1
1417288,22808815,1
1417288,15297782,1
1417288,2496252,1
1417288,21715712,1
1417288,1358081,2
1417288,18562307,1
1417288,18456837,1
1417288,19728145,1
1417288,19416348,1
1417288,1274150,1
1417288,18425641,1
1417288,1169709,2
1417288,4063542,1
1417288,1354051,1
1417288,11626822,1
1417288,5282132,1
1417288,19266390,1
1417288,18506072,2
1417288,18529135,1
1417288,14396812,1
1417288,21837219,1
1417288,3376042,2
1417288,18314669,2
1417288,711599,1
1417288,23112117,1
1417288,18977219,1
1417288,1349592,1
1417288,1576921,1
1417288,1498076,1
1417288,18573279,2
1417288,204767,1
1417288,20348898,1
1417288,22197221,1
1417288,19654655,1
18604107,339011,1
18604107,18495240,1
18604107,1102353,1
18604107,19030621,1
18604107,929402,4
18604107,1473660,1
168014,1358081,2
168014,981249,1
168014,19728145,3
168014,19416348,1
168014,1728035,2
168014,1169709,3
168014,1451826,1
168014,1697586,1
168014,18955830,1
168014,1526075,1
168014,1078077,1
168014,1354051,1
168014,1457232,1
168014,13560402,1
168014,5282132,1
168014,18677333,1
168014,18506072,2
168014,20129636,1
168014,20440175,3
168014,24039540,1
168014,929402,1
168014,1473660,1
168014,18517376,1
168014,710272,1
168014,1187715,2
168014,16487812,2
168014,18821254,1
168014,541319,5
168014,1492619,1
168014,20182158,1
168014,1776274,2
168014,18494105,1
168014,17487002,1
168014,22374557,1
168014,22730657,1
168014,21837219,1
168014,18801828,1
168014,3376042,1
168014,20336043,1
168014,1324203,1
168014,15335602,1
168014,18297014,2
168014,4126912,1
168014,18180033,1
168014,227528,1
168014,1751502,1
168014,11077852,1
168014,8771812,1
168014,19198182,1
168014,526316,1
168014,1642477,1
168014,18361585,1
168014,18232817,1
168014,18243826,1
168014,6629622,1
168014,47094,1
18399311,6928642,1
18399311,20129636,1
18399311,20384452,1
18399311,20166757,1
18399311,1578685,1
18602064,6928642,1
18602064,18795154,3
18602064,19262745,1
18602064,15552112,2
18602064,18468466,1
18602064,24568502,2
18602064,18592827,2
23742545,19728145,1
23742545,191516,1
23742545,19934054,1
23742545,1324203,1
23742545,18361585,1
23742545,11776502,1
23742545,18297014,1
17770582,24906881,1
17770582,23398017,1
17770582,1358081,1
17770582,7138452,2
17770582,18494105,1
17770582,10016162,1
17770582,21837219,1
17770582,1728035,1
17770582,19277993,1
17770582,18314164,2
17770582,1360698,1
17770582,1078077,1
17770582,9376702,2
17770582,6707902,1
17770582,14546632,1
17770582,13560402,5
17770582,18616278,2
17770582,1498076,1
17770582,8771812,2
3047512,1187715,3
3047512,12847372,1
3047512,19728145,3
3047512,1102353,1
3047512,15770262,1
3047512,20421535,1
3047512,2556962,1
3047512,4063542,1
3047512,18955830,1
3047512,22585660,1
3047512,339011,1
3047512,227528,1
3047512,1431882,1
3047512,1457232,1
3047512,1371991,1
3047512,22197221,1
3047512,18266348,1
3047512,6190702,6
3047512,18602480,2
3047512,1505523,1
3047512,929402,3
2150491,18562307,2
2150491,217795,1
2150491,18714758,1
2150491,14649032,1
2150491,19713173,1
2150491,18425641,1
2150491,18297014,1
2150491,18955830,1
2150491,1526075,1
2150491,18549438,1
20947040,535553,1
20947040,19194894,1
20947040,1102353,1
20947040,1728035,2
20947040,18955830,1
20947040,11294262,1
20947040,20181560,1
20947040,16321082,1
20947040,16607822,1
20947040,13560402,5
20947040,16477792,1
20947040,1671273,1
20947040,6190702,1
20947040,15552112,1
20947040,7130232,3
20947040,929402,1
20947040,1776274,2
20947040,7138452,1
20947040,19713173,1
20947040,18494105,5
20947040,252576,1
20947040,26090658,1
20947040,19277993,1
20947040,7836842,8
20947040,25129130,1
20947040,6707902,3
20947040,4126912,1
20947040,10178242,6
20947040,19904711,1
20947040,14546632,1
20947040,16062152,4
20947040,11184352,6
20947040,8771812,1
20947040,18361585,2
20947040,15297782,5
20947040,18556157,1
20947040,1358081,1
20947040,1787157,1
20947040,16954142,1
20947040,18850080,3
20947040,22643488,1
20947040,25521445,2
20947040,1360698,3
20947040,20806988,1
20947040,23353167,2
20947040,5282132,1
20947040,22021463,1
20947040,5618532,1
20947040,11625832,4
20947040,3173762,4
20947040,1187715,1
20947040,16487812,4
20947040,14396812,1
20947040,19218850,4
20947040,21837219,1
20947040,23594916,14
20947040,3376042,1
20947040,20583850,1
20947040,17467312,3
20947040,18589616,3
20947040,405938,1
20947040,18314164,1
20947040,9376702,1
20947040,18180033,1
20947040,16536012,1
20947040,1498076,1
20947040,17872862,2
20947040,204767,1
20947040,10016242,4
20947040,19654655,1
20166757,19262745,3
20166757,19416348,1
20166757,21533726,1
20166757,18955830,2
20166757,1360698,1
20166757,19108156,2
20166757,339011,1
20166757,16607822,2
20166757,7151442,1
20166757,16477792,1
20166757,11625832,1
20166757,15552112,1
20166757,7130232,1
20166757,24277119,1
20166757,16487812,2
20166757,21686664,1
20166757,1776274,2
20166757,11862932,1
20166757,18494105,2
20166757,7836842,1
20166757,17467312,1
20166757,405938,1
20166757,1578685,1
20166757,4126912,2
20166757,10178242,1
20166757,14649032,2
20166757,16062152,1
20166757,18616278,3
20166757,11077852,3
20166757,22197221,1
20166757,18361585,2
20166757,10016242,1
20166757,15297782,2
20166757,19654655,1
1507431,12847372,1
1507431,19194894,1
1507431,19728145,7
1507431,2556962,1
1507431,18642226,1
1507431,18955830,4
1507431,20181560,1
1507431,339011,1
1507431,1772099,1
1507431,1371991,1
1507431,24039540,1
1507431,929402,1
1507431,1187715,4
1507431,24803205,1
1507431,19708553,1
1507431,10426762,1
1507431,18665368,1
1507431,18314669,2
1507431,18297014,3
1507431,20384452,1
1507431,24431556,1
1507431,16062152,1
1507431,227528,1
1507431,18660552,1
1507431,7699922,1
1507431,1349592,4
1507431,22197221,1
1507431,1642477,2
1507431,18634990,1
1507431,18243826,3
1507431,1505523,1
1507431,24693747,1
1507431,18414590,1
1507431,23394559,1
1671273,3173762,1
1671273,1187715,1
1671273,16487812,1
1671273,1728035,1
1671273,7836842,2
1671273,18589616,1
1671273,17467312,1
1671273,405938,1
1671273,1360698,1
1671273,9376702,1
1671273,10178242,2
1671273,14649032,1
1671273,16607822,1
1671273,23353167,1
1671273,17872862,1
1671273,15552112,1
1671273,18361585,1
1671273,15297782,1
1671273,929402,1
1671273,18556157,1
18823274,1187715,1
18823274,13288852,1
18823274,5282132,1
18823274,16477792,1
18823274,15552112,1
18823274,18955830,1
18823274,7130232,1
18823274,7700282,1
17836142,710272,1
17836142,535553,1
17836142,1187715,1
17836142,18562307,1
17836142,16487812,1
17836142,18714758,1
17836142,1665418,1
17836142,19728145,2
17836142,19713173,1
17836142,11131552,1
17836142,788001,1
17836142,20186791,2
17836142,7836842,2
17836142,711599,1
17836142,18955830,1
17836142,9376702,1
17836142,18549438,1
17836142,339011,1
17836142,19049542,1
17836142,16062152,1
17836142,227528,1
17836142,18506072,2
17836142,21174496,1
17836142,19827046,1
17836142,20807142,1
17836142,526316,5
17836142,18243826,1
17836142,10016242,1
24039540,12847372,1
24039540,19728145,2
24039540,18425641,1
24039540,18955830,1
24039540,20181560,1
24039540,1526075,3
24039540,528705,1
24039540,1772099,1
24039540,24431556,1
24039540,21522768,1
24039540,1349592,4
24039540,11077852,1
24039540,22197221,1
24039540,526316,1
24039540,18243826,1
24039540,47094,1
24748157,18361585,1
24748157,1324203,1
24748157,24675279,1
24277119,1187715,1
24277119,18562307,1
24277119,227528,1
24277119,11375762,1
24277119,19713173,1
24277119,18616278,1
24277119,20269464,1
24277119,19847832,1
24277119,18506072,1
24277119,11077852,1
24277119,20807142,2
24277119,18955830,3
24277119,1763190,1
18714758,18562307,1
18714758,217795,1
18714758,1665418,1
18714758,1457232,1
18714758,19713173,1
18714758,18506072,1
18714758,18425641,1
18714758,18243826,1
18714758,18955830,1
18714758,8908602,1
18714758,18549438,5
18821254,3376042,1
18821254,18232817,1
18821254,13560402,1
18821254,1776274,1
18821254,19416348,1
20068490,710272,1
20068490,19728145,1
20068490,788001,1
20068490,19687074,1
20068490,1324203,2
20068490,11776502,2
20068490,929402,1
19824779,18556100,1
19824779,2520612,1
19824779,8805172,1
19824779,19713173,1
19011737,18589616,1
19011737,19728145,1
19011737,13560402,1
19011737,6707902,1
22374557,710272,1
22374557,18562307,1
22374557,1187715,1
22374557,6335372,1
22374557,17487002,1
22374557,21262880,1
22374557,1324203,1
22374557,15335602,2
22374557,8805172,1
22374557,18180033,1
22374557,339011,2
22374557,227528,6
22374557,20807142,1
22374557,526316,3
22374557,1741429,1
15186082,2520612,1
15186082,22771879,1
15186082,1776274,1
15186082,1763190,1
15186082,20780059,1
24744100,11184352,1
24744100,23594916,1
25516196,21957723,1
25516196,18801828,1
25516196,1741429,1
25516196,16954142,1
19099815,4126912,2
19099815,21989057,1
19099815,19728145,1
19099815,7700282,3
19099815,19416348,1
19099815,252576,4
19099815,9307682,2
19099815,19528743,3
19099815,20583850,1
19099815,1169709,1
19099815,20440175,1
19099815,18602480,1
19099815,22023226,1
19099815,19108156,1
22771879,12588802,1
22771879,18672773,1
22771879,18495240,1
22771879,14396812,1
22771879,12847372,1
22771879,20780059,1
22771879,19277993,1
22771879,16140462,1
22771879,18297014,1
22771879,1360698,1
22771879,4705492,1
22771879,1349592,1
22771879,23053409,1
22771879,11625832,1
22771879,18634990,4
19277993,535553,7
19277993,12588802,2
19277993,19194894,2
19277993,18850080,2
19277993,1728035,2
19277993,19997487,3
19277993,1360698,8
19277993,16321082,1
19277993,23353167,3
19277993,7151442,2
19277993,13560402,2
19277993,5282132,1
19277993,20135762,6
19277993,18779992,4
19277993,16477792,10
19277993,5618532,3
19277993,11625832,12
19277993,18837102,2
19277993,7130232,3
19277993,3173762,2
19277993,16487812,5
19277993,14396812,1
19277993,11862932,2
19277993,19713173,1
19277993,18494105,2
19277993,10016162,3
19277993,21837219,2
19277993,19218850,1
19277993,23594916,1
19277993,25129130,1
19277993,17467312,2
19277993,18589616,6
19277993,405938,1
19277993,16447162,3
19277993,9376702,3
19277993,6707902,9
19277993,4126912,1
19277993,10178242,3
19277993,19904711,1
19277993,14546632,2
19277993,18616278,5
19277993,17872862,14
19277993,14557662,2
19277993,8771812,10
19277993,18634990,1
19277993,10016242,6
19277993,15297782,3
19277993,19654655,1
25129130,17894222,2
25129130,18314164,1
25129130,6707902,1
22796457,21174496,1
22796457,339011,1
22796457,19964997,1
22796457,526316,1
22796457,1349592,1
22796457,22585660,1
16140462,18495240,1
16140462,12847372,2
16140462,19713173,1
16140462,19262745,1
16140462,22643488,1
16140462,5282132,2
16140462,11077852,2
16140462,21747934,4
16140462,23053409,7
16140462,22422502,1
16140462,1805550,1
16140462,15552112,1
16140462,1505523,1
16140462,22130047,1
15335602,710272,1
15335602,18562307,2
15335602,1787157,1
15335602,19249559,1
15335602,18494105,1
15335602,26040985,1
15335602,191516,1
15335602,6641192,1
15335602,1324203,1
15335602,18180033,1
15335602,227528,5
15335602,18506072,2
15335602,22197221,1
15335602,22422502,1
15335602,19934054,1
15335602,22736876,1
15335602,16548342,1
15335602,11776502,1
18297014,1102353,2
18297014,191516,2
18297014,18955830,13
18297014,20181560,1
18297014,22023226,1
18297014,10000962,1
18297014,339011,6
18297014,1772099,2
18297014,16607822,1
18297014,1457232,5
18297014,6190702,6
18297014,15552112,1
18297014,1741429,1
18297014,929402,2
18297014,1473660,1
18297014,24906881,1
18297014,23398017,1
18297014,1240194,1
18297014,18672773,1
18297014,541319,2
18297014,19708553,1
18297014,19713173,5
18297014,19847832,1
18297014,20186791,1
18297014,18549438,1
18297014,10178242,1
18297014,19556549,1
18297014,227528,2
18297014,14546632,1
18297014,19680459,2
18297014,4705492,2
18297014,11077852,1
18297014,21174496,4
18297014,25681644,1
18297014,18634990,1
18297014,18243826,23
18297014,1505523,2
18297014,6629622,1
18297014,18562307,3
18297014,18495240,3
18297014,12847372,3
18297014,19728145,28
18297014,8805172,1
18297014,1078077,2
18297014,528705,1
18297014,1431882,2
18297014,19496778,1
18297014,24584525,1
18297014,5282132,1
18297014,1371991,8
18297014,18506072,7
18297014,20377949,1
18297014,24811380,1
18297014,1786237,2
18297014,1187715,11
18297014,6335372,1
18297014,14396812,2
18297014,20336043,2
18297014,18314669,5
18297014,18476981,1
18297014,1751502,1
18297014,7699922,6
18297014,1349592,2
18297014,1576921,1
18297014,18573279,1
18297014,1622500,1
18297014,22197221,2
18297014,1642477,5
18297014,19094001,1
18297014,24693747,1
18297014,16548342,1
18297014,11776502,1
18297014,19654655,1
4126912,535553,2
4126912,19194894,3
4126912,21533726,2
4126912,2556962,1
4126912,19528743,1
4126912,22817838,1
4126912,22023226,5
4126912,339011,2
4126912,19964997,3
4126912,21957723,1
4126912,7130232,4
4126912,19713173,1
4126912,18801828,3
4126912,7836842,4
4126912,1324203,1
4126912,18964683,1
4126912,4705492,10
4126912,21043417,1
4126912,11077852,2
4126912,21174496,1
4126912,8771812,1
4126912,18361585,1
4126912,18243826,1
4126912,15297782,5
4126912,18556157,1
4126912,1358081,25
4126912,18562307,1
4126912,1787157,1
4126912,19262745,1
4126912,19416348,3
4126912,1433893,2
4126912,1169709,1
4126912,19108156,5
4126912,528705,1
4126912,11626822,2
4126912,4268372,1
4126912,22021463,4
4126912,18506072,1
4126912,11625832,1
4126912,24553853,1
4126912,3173762,1
4126912,16487812,7
4126912,21686664,1
4126912,19218850,1
4126912,21837219,2
4126912,20583850,1
4126912,405938,1
4126912,16536012,1
4126912,1751502,2
4126912,1622500,3
4126912,19094001,4
4126912,10016242,9
4126912,16548342,1
4126912,18798102,1
4126912,788001,1
4126912,9307682,2
4126912,1728035,9
4126912,18855476,1
4126912,18955830,7
4126912,11294262,2
4126912,10000962,1
4126912,16607822,2
4126912,13560402,3
4126912,16477792,4
4126912,6190702,1
4126912,15552112,1
4126912,24153712,1
4126912,1741429,2
4126912,929402,1
4126912,19033734,1
4126912,541319,4
4126912,1492619,3
4126912,1776274,29
4126912,18494105,6
4126912,252576,2
4126912,16447162,1
4126912,6707902,1
4126912,21989057,2
4126912,10178242,4
4126912,16062152,1
4126912,14649032,2
4126912,14546632,2
4126912,21715712,1
4126912,19728145,3
4126912,16954142,3
4126912,19997487,3
4126912,18471729,4
4126912,1360698,3
4126912,8908602,2
4126912,7700282,1
4126912,18996036,2
4126912,14380872,1
4126912,7151442,2
4126912,19266390,2
4126912,1371991,1
4126912,18779992,2
4126912,5618532,2
4126912,18529135,2
4126912,1187715,2
4126912,19266450,1
4126912,11862932,2
4126912,13728662,1
4126912,1743773,1
4126912,3376042,2
4126912,711599,3
4126912,18589616,2
4126912,17467312,2
4126912,18314164,1
4126912,18476981,1
4126912,9376702,1
4126912,16067522,4
4126912,18616278,3
4126912,1576921,1
4126912,204767,4
4126912,22197221,2
4126912,20197351,1
4126912,526316,1
4126912,8968172,1
4126912,18256892,1
4126912,18414590,1
4126912,19654655,2
19556549,710272,1
19556549,12588802,1
19556549,18562307,1
19556549,18798102,3
19556549,17487002,2
19556549,252576,1
19556549,788001,1
19556549,19218850,1
19556549,6641192,1
19556549,1324203,3
19556549,11938732,1
19556549,405938,1
19556549,1697586,1
19556549,11294262,1
19556549,6707902,1
19556549,1772099,1
19556549,14546632,1
19556549,24584525,1
19556549,24675279,1
19556549,5282132,1
19556549,19100119,1
19556549,22197221,2
19556549,26018023,1
19556549,25587693,1
19556549,2496252,1
19904711,16487812,2
19904711,19728145,1
19904711,11862932,1
19904711,1787157,1
19904711,10016162,1
19904711,17467312,1
19904711,405938,1
19904711,1526075,1
19904711,9376702,1
19904711,10178242,1
19904711,14546632,1
19904711,17872862,1
19904711,22197221,1
19904711,11625832,1
19904711,22736876,1
19904711,19828207,1
227528,191516,1
227528,4631582,1
227528,1728035,1
227528,6641192,1
227528,18955830,4
227528,18658376,1
227528,13560402,1
227528,929402,1
227528,710272,2
227528,541319,1
227528,11375762,1
227528,1776274,1
227528,19713173,2
227528,19847832,1
227528,26040985,2
227528,252576,1
227528,19687074,1
227528,20186791,1
227528,7836842,1
227528,1324203,2
227528,19828398,3
227528,21989057,1
227528,18660552,1
227528,16062152,1
227528,4705492,2
227528,21174496,2
227528,25397992,1
227528,18361585,1
227528,18243826,3
227528,1505523,1
227528,18562307,3
227528,18456837,1
227528,19728145,6
227528,1787157,1
227528,19997487,1
227528,8805172,1
227528,20757821,1
227528,20806988,1
227528,7151442,1
227528,5282132,1
227528,19266390,1
227528,1371991,2
227528,18506072,7
227528,18286946,1
227528,19934054,1
227528,11625832,1
227528,1763190,1
227528,18517376,1
227528,1187715,6
227528,1665418,1
227528,14396812,1
227528,6335372,1
227528,19249559,3
227528,18923420,1
227528,18314669,1
227528,18589616,1
227528,18180033,1
227528,22985677,1
227528,7699922,1
227528,19100119,1
227528,1349592,1
227528,20807142,3
227528,22422502,1
227528,526316,3
227528,1642477,2
227528,19828207,1
227528,10016242,1
227528,24693747,1
227528,11776502,1
18964683,18801828,1
21043417,21715712,1
21043417,18562307,2
21043417,19728145,2
21043417,19416348,2
21043417,16954142,4
21043417,18425641,2
21043417,20181560,1
21043417,7700282,4
21043417,8908602,1
21043417,19964997,2
21043417,14380872,1
21043417,19266390,2
21043417,1371991,1
21043417,18506072,1
21043417,6190702,1
21043417,18529135,1
21043417,21245809,5
21043417,1741429,1
21043417,1492619,1
21043417,19822479,1
21043417,1776274,4
21043417,252576,2
21043417,3376042,2
21043417,20336043,1
21043417,18589616,1
21043417,16067522,4
21043417,1751502,1
21043417,4705492,5
21043417,1498076,2
21043417,21747934,1
21043417,21174496,1
21043417,20807142,2
21043417,22736876,3
11077852,535553,1
11077852,1102353,2
11077852,21533726,1
11077852,2556962,1
11077852,1728035,1
11077852,19528743,1
11077852,22817838,2
11077852,11294262,2
11077852,18955830,4
11077852,20181560,3
11077852,339011,3
11077852,1772099,1
11077852,16607822,1
11077852,13560402,1
11077852,16477792,3
11077852,23053409,1
11077852,15552112,2
11077852,7130232,3
11077852,929402,2
11077852,541319,6
11077852,1492619,2
11077852,6230672,2
11077852,18795154,1
11077852,19713173,5
11077852,18494105,2
11077852,17487002,1
11077852,20493986,1
11077852,18801828,1
11077852,7836842,2
11077852,6707902,2
11077852,10178242,2
11077852,20384452,1
11077852,14546632,1
11077852,14649032,2
11077852,16062152,1
11077852,4705492,2
11077852,21747934,1
11077852,21174496,2
11077852,11184352,1
11077852,8771812,1
11077852,25681644,1
11077852,18361585,3
11077852,18243826,3
11077852,1505523,2
11077852,14566132,1
11077852,15297782,3
11077852,2496252,1
11077852,1358081,2
11077852,18562307,1
11077852,18456837,1
11077852,19728145,3
11077852,19262745,10
11077852,19416348,2
11077852,21651228,1
11077852,22643488,1
11077852,1169709,1
11077852,19997487,3
11077852,1697586,1
11077852,1360698,2
11077852,1526075,2
11077852,22585660,1
11077852,1078077,1
11077852,19108156,1
11077852,20757821,1
11077852,23040833,1
11077852,1354051,1
11077852,7151442,2
11077852,5282132,3
11077852,19266390,1
11077852,1371991,2
11077852,18506072,8
11077852,18779992,1
11077852,20377949,1
11077852,18286946,1
11077852,20129636,1
11077852,11625832,1
11077852,1786237,1
11077852,3173762,1
11077852,1187715,7
11077852,16487812,4
11077852,21755271,1
11077852,21686664,1
11077852,10426762,1
11077852,14396812,2
11077852,11862932,1
11077852,19249559,1
11077852,22730657,1
11077852,19218850,1
11077852,20336043,4
11077852,23723436,2
11077852,18589616,3
11077852,17467312,1
11077852,405938,1
11077852,23112117,1
11077852,18476981,1
11077852,9376702,2
11077852,18180033,1
11077852,16067522,1
11077852,25717708,1
11077852,1751502,1
11077852,6284242,1
11077852,18616278,3
11077852,1349592,1
11077852,1622500,1
11077852,22197221,3
11077852,1642477,2
11077852,19828207,1
11077852,19094001,1
11077852,10016242,2
11077852,16548342,1
11077852,47094,1
11077852,18256892,1
11077852,18414590,1
11077852,19654655,1
21747934,19262745,1
21747934,22643488,1
21747934,23053409,3
21747934,22422502,1
21747934,1505523,1
21747934,22130047,1
11184352,1358081,1
11184352,16954142,1
11184352,18850080,1
11184352,25521445,2
11184352,1274150,1
11184352,11294262,1
11184352,18677333,1
11184352,19266390,1
11184352,18506072,1
11184352,16477792,1
11184352,5618532,1
11184352,19827046,1
11184352,7130232,2
11184352,929402,1
11184352,23398017,1
11184352,1776274,2
11184352,11862932,1
11184352,252576,1
11184352,26090658,1
11184352,21837219,1
11184352,23594916,8
11184352,18801828,1
11184352,3376042,1
11184352,20583850,1
11184352,6707902,1
11184352,9376702,1
11184352,10178242,1
11184352,14649032,1
11184352,16062152,1
11184352,14546632,1
11184352,1498076,1
11184352,10016242,2
11184352,18243826,1
21174496,2520612,5
21174496,8548902,1
21174496,18955830,24
21174496,11294262,1
21174496,20181560,7
21174496,339011,5
21174496,1772099,1
21174496,19964997,3
21174496,6190702,3
21174496,24743042,1
21174496,541319,2
21174496,1492619,2
21174496,1776274,2
21174496,19713173,22
21174496,19847832,1
21174496,17487002,1
21174496,252576,2
21174496,20186791,2
21174496,19828398,1
21174496,4705492,6
21174496,18629337,1
21174496,18361585,1
21174496,18243826,1
21174496,6629622,1
21174496,23456513,1
21174496,1358081,1
21174496,18562307,11
21174496,12847372,1
21174496,19728145,8
21174496,19416348,1
21174496,18425641,1
21174496,7700282,1
21174496,22585660,4
21174496,1078077,1
21174496,20757821,1
21174496,19011903,1
21174496,14380872,1
21174496,1431882,1
21174496,24584525,5
21174496,5282132,2
21174496,19266390,2
21174496,1371991,2
21174496,18506072,26
21174496,18286946,1
21174496,20129636,1
21174496,19934054,1
21174496,1763190,1
21174496,1187715,6
21174496,10426762,1
21174496,25648018,2
21174496,19249559,2
21174496,20421535,1
21174496,20583850,1
21174496,20336043,8
21174496,23723436,1
21174496,18314669,1
21174496,9376702,1
21174496,16067522,8
21174496,13635532,1
21174496,1349592,1
21174496,20836828,1
21174496,22197221,7
21174496,20807142,6
21174496,526316,6
21174496,1642477,1
21174496,19828207,1
21174496,18414590,1
8771812,535553,2
8771812,19194894,1
8771812,1728035,2
8771812,16321082,1
8771812,16607822,2
8771812,13560402,8
8771812,16477792,25
8771812,6190702,1
8771812,7130232,2
8771812,24906881,1
8771812,23398017,1
8771812,541319,1
8771812,1776274,2
8771812,7138452,2
8771812,18494105,7
8771812,7836842,3
8771812,6707902,9
8771812,10178242,4
8771812,14546632,2
8771812,14649032,2
8771812,16062152,1
8771812,18361585,3
8771812,15297782,2
8771812,1358081,2
8771812,18456837,1
8771812,18850080,1
8771812,1169709,1
8771812,19997487,2
8771812,1360698,1
8771812,1354051,1
8771812,7151442,8
8771812,20135762,1
8771812,5282132,1
8771812,18779992,2
8771812,18506072,2
8771812,5618532,3
8771812,11625832,7
8771812,3173762,1
8771812,16487812,7
8771812,1581956,1
8771812,11862932,2
8771812,10016162,9
8771812,21837219,8
8771812,19218850,2
8771812,17467312,7
8771812,18589616,3
8771812,405938,1
8771812,18314164,6
8771812,9376702,2
8771812,22985677,1
8771812,18616278,5
8771812,17872862,9
8771812,14557662,1
8771812,204767,1
8771812,526316,1
8771812,10016242,6
8771812,19654655,3
22132964,1492619,1
22132964,16536012,1
22132964,4705492,2
22132964,19443174,1
22132964,20336043,1
22132964,18414590,1
22132964,23394559,1
19198182,21755271,1
19198182,1751502,1
19198182,17487002,1
19198182,204767,1
19198182,1728035,2
19198182,1622500,1
19198182,6190702,1
25495782,6335372,1
18266348,6190702,1
18634990,12588802,1
18634990,1187715,1
18634990,18672773,1
18634990,14396812,1
18634990,6335372,1
18634990,6230672,1
18634990,19728145,1
18634990,18665368,1
18634990,18955830,2
18634990,1360698,1
18634990,1371991,1
18634990,1349592,2
18634990,19443174,1
18634990,11625832,1
18634990,1505523,1
18634990,929402,1
22808815,2305281,1
22808815,18672773,1
22808815,14396812,1
22808815,19728145,1
22808815,1274150,2
22808815,20186791,1
22808815,1324203,1
22808815,23112117,1
22808815,8540732,1
22808815,1578685,1
22808815,1772099,1
22808815,1354051,1
22808815,5282132,1
22808815,20348898,1
22808815,22197221,1
22808815,1805550,1
22808815,18529135,1
22808815,15552112,1
22808815,15297782,1
18243826,2556962,2
18243826,20583464,1
18243826,22023226,1
18243826,339011,15
18243826,19049542,5
18243826,18658376,1
18243826,1457232,1
18243826,18672773,1
18243826,19713173,7
18243826,19852452,1
18243826,18801828,2
18243826,1324203,1
18243826,19680459,1
18243826,4705492,1
18243826,22920407,1
18243826,18361585,1
18243826,1505523,3
18243826,22193397,1
18243826,6629622,7
18243826,25481468,1
18243826,23394559,1
18243826,1358081,2
18243826,6928642,3
18243826,981249,1
18243826,22422793,1
18243826,12847372,4
18243826,19262745,1
18243826,25521445,1
18243826,1274150,1
18243826,1169709,1
18243826,528705,1
18243826,1431882,1
18243826,20806988,1
18243826,5282132,2
18243826,18506072,1
18243826,20377949,2
18243826,19827046,2
18243826,24553853,1
18243826,1786237,3
18243826,21755271,1
18243826,10426762,1
18243826,14396812,1
18243826,22485402,1
18243826,20336043,2
18243826,18953664,2
18243826,18977219,1
18243826,16536012,1
18243826,1751502,4
18243826,20836828,1
18243826,1622500,3
18243826,25327081,1
18243826,19828207,1
18243826,19094001,1
18243826,1102353,1
18243826,23816722,1
18243826,788001,1
18243826,6641192,1
18243826,18955830,13
18243826,20181560,2
18243826,10000962,1
18243826,1772099,4
18243826,6190702,12
18243826,15552112,1
18243826,1741429,1
18243826,929402,2
18243826,710272,1
18243826,18549379,1
18243826,541319,3
18243826,1492619,1
18243826,6230672,2
18243826,15770262,2
18243826,19847832,1
18243826,252576,2
18243826,11131552,1
18243826,19687074,2
18243826,20186791,3
18243826,18849449,1
18243826,18549438,2
18243826,20384452,1
18243826,25681644,1
18243826,2496252,1
18243826,21715712,3
18243826,18495240,2
18243826,19728145,91
18243826,26091301,1
18243826,18471729,1
18243826,7700282,1
18243826,8908602,2
18243826,1078077,2
18243826,18996036,1
18243826,19266390,1
18243826,1371991,16
18243826,20129636,1
18243826,19934054,1
18243826,1187715,16
18243826,24803205,5
18243826,6335372,1
18243826,23674770,1
18243826,22730657,1
18243826,23594916,1
18243826,18476981,2
18243826,6284242,1
18243826,1349592,3
18243826,1576921,3
18243826,20348898,1
18243826,22197221,5
18243826,22422502,1
18243826,526316,2
18243826,1642477,6
18243826,24693747,1
18243826,18256892,1
18243826,18414590,1
1505523,981249,1
1505523,19728145,5
1505523,25903892,1
1505523,22643488,1
1505523,1169709,1
1505523,18955830,3
1505523,4063542,1
1505523,20181560,1
1505523,1078077,1
1505523,339011,2
1505523,19049542,1
1505523,1371991,5
1505523,18506072,1
1505523,23053409,1
1505523,20822884,1
1505523,6190702,2
1505523,1786237,2
1505523,1187715,4
1505523,24803205,1
1505523,1776274,1
1505523,23674770,1
1505523,19713173,1
1505523,15770262,1
1505523,18314669,1
1505523,1405630,1
1505523,25357512,1
1505523,6284242,1
1505523,7699922,1
1505523,1349592,1
1505523,1576921,2
1505523,18882523,1
1505523,18573279,1
1505523,22197221,1
1505523,19443174,1
1505523,25681644,1
1505523,1642477,7
1505523,18602480,1
1505523,24693747,1
1505523,16548342,1
1505523,2496252,1
1505523,19654655,1
6629622,18562307,1
6629622,12847372,2
6629622,19728145,8
6629622,1728035,1
6629622,25641512,2
6629622,18955830,2
6629622,7700282,1
6629622,528705,1
6629622,339011,5
6629622,19049542,1
6629622,5282132,1
6629622,1371991,2
6629622,18506072,1
6629622,20377949,1
6629622,19934054,1
6629622,1763190,1
6629622,1187715,3
6629622,18549379,1
6629622,541319,1
6629622,10426762,1
6629622,19713173,3
6629622,19847832,1
6629622,18923420,1
6629622,20186791,1
6629622,20336043,2
6629622,18589616,1
6629622,20384452,1
6629622,1751502,1
6629622,18944977,1
6629622,4705492,2
6629622,1576921,1
6629622,20836828,1
6629622,22197221,2
6629622,19443174,1
6629622,18361585,1
6629622,18414590,2
6629622,23394559,1
25481468,6928642,1
25481468,22197221,1
25481468,19728145,1
25481468,929402,1
23394559,12847372,1
23394559,1751502,1
23394559,4705492,1
23394559,1371991,1
23394559,1349592,1
23394559,19443174,1
23394559,20336043,1
23394559,18414590,1
1358081,19194894,2
1358081,2556962,1
1358081,1728035,8
1358081,11294262,2
1358081,18955830,2
1358081,22023226,2
1358081,10000962,1
1358081,339011,1
1358081,19964997,3
1358081,13560402,2
1358081,21957723,2
1358081,6190702,1
1358081,1741429,2
1358081,1292918,1
1358081,7130232,1
1358081,929402,1
1358081,24906881,1
1358081,23398017,1
1358081,19033734,1
1358081,541319,1
1358081,1492619,6
1358081,1776274,22
1358081,7138452,1
1358081,18494105,7
1358081,252576,2
1358081,18801828,5
1358081,20041384,1
1358081,7836842,4
1358081,1324203,2
1358081,19828398,1
1358081,1307837,1
1358081,18549438,1
1358081,6707902,1
1358081,21989057,2
1358081,10178242,2
1358081,16062152,1
1358081,14546632,1
1358081,14649032,1
1358081,4705492,8
1358081,18361585,1
1358081,15297782,5
1358081,18556157,1
1358081,21715712,1
1358081,18562307,2
1358081,18456837,1
1358081,19728145,1
1358081,1787157,1
1358081,19416348,3
1358081,16954142,2
1358081,1433893,2
1358081,1274150,1
1358081,25521445,1
1358081,18425641,1
1358081,19997487,1
1358081,18471729,4
1358081,8908602,1
1358081,7700282,1
1358081,19108156,3
1358081,1078077,1
1358081,528705,2
1358081,1354051,1
1358081,18996036,2
1358081,11626822,2
1358081,4268372,1
1358081,19266390,5
1358081,22021463,6
1358081,1371991,1
1358081,18506072,1
1358081,18286946,1
1358081,255854,1
1358081,18529135,1
1358081,1763190,1
1358081,1187715,2
1358081,16487812,2
1358081,10426762,2
1358081,6335372,1
1358081,19822479,3
1358081,13288852,1
1358081,1743773,1
1358081,19218850,1
1358081,21837219,1
1358081,10016162,1
1358081,23594916,1
1358081,3376042,3
1358081,23723436,2
1358081,18314669,1
1358081,711599,2
1358081,18589616,1
1358081,18314164,1
1358081,9376702,1
1358081,16067522,2
1358081,1751502,1
1358081,18616278,3
1358081,1349592,1
1358081,1498076,1
1358081,204767,5
1358081,18573279,1
1358081,1622500,1
1358081,22197221,1
1358081,19094001,3
1358081,10016242,3
1358081,19908083,1
1358081,16548342,1
1358081,18256892,3
6928642,18456837,2
6928642,18495240,1
6928642,12847372,1
6928642,998413,1
6928642,19728145,2
6928642,1102353,3
6928642,19262745,1
6928642,20583464,1
6928642,22023226,1
6928642,18592827,1
6928642,1078077,1
6928642,339011,2
6928642,1665349,1
6928642,1457232,1
6928642,5282132,1
6928642,1371991,3
6928642,20129636,1
6928642,19827046,1
6928642,6190702,1
6928642,15552112,1
6928642,18468466,1
6928642,1741429,1
6928642,929402,7
6928642,1473660,1
6928642,18517376,2
6928642,1187715,3
6928642,18795154,1
6928642,11862932,1
6928642,17487002,1
6928642,252576,1
6928642,19218850,1
6928642,18626981,1
6928642,1324203,1
6928642,1578685,3
6928642,20384452,1
6928642,6284242,1
6928642,1642477,1
6928642,5327862,1
981249,710272,3
981249,18562307,1
981249,1187715,1
981249,18672773,1
981249,16487812,1
981249,25117452,1
981249,19728145,2
981249,1102353,1
981249,19348756,1
981249,18798102,1
981249,17487002,1
981249,788001,2
981249,2556962,1
981249,2496252,2
981249,6641192,1
981249,1324203,3
981249,18955830,1
981249,19049542,1
981249,13560402,1
981249,5282132,1
981249,1371991,1
981249,1349592,1
981249,6190702,1
981249,18529135,1
981249,11776502,1
981249,18256892,2
981249,18414590,1
18456837,19728145,1
18456837,1102353,1
18456837,4631582,1
18456837,1728035,2
18456837,1169709,1
18456837,1526075,1
18456837,339011,1
18456837,16607822,1
18456837,13560402,1
18456837,5282132,1
18456837,18506072,1
18456837,6190702,1
18456837,1741429,1
18456837,1763190,1
18456837,18517376,1
18456837,3173762,1
18456837,1187715,3
18456837,1240194,1
18456837,541319,1
18456837,1776274,1
18456837,19713173,1
18456837,18494105,1
18456837,19218850,1
18456837,21837219,1
18456837,7836842,2
18456837,13532852,1
18456837,18180033,2
18456837,16062152,1
18456837,15297782,1
18456837,16548342,1
18456837,19654655,1
12847372,18495240,4
12847372,19728145,4
12847372,1102353,1
12847372,18955830,2
12847372,1078077,1
12847372,528705,1
12847372,339011,5
12847372,19049542,1
12847372,1431882,8
12847372,20377949,1
12847372,23053409,1
12847372,19934054,1
12847372,6190702,1
12847372,929402,2
12847372,1187715,3
12847372,24803205,1
12847372,19713173,1
12847372,19847832,1
12847372,20186791,1
12847372,20384452,1
12847372,16536012,1
12847372,1349592,2
12847372,1576921,2
12847372,20836828,1
12847372,23515107,1
12847372,22197221,2
12847372,18361585,1
12847372,16548342,1
18850080,535553,10
18850080,19194894,2
18850080,21533726,1
18850080,1728035,1
18850080,22817838,5
18850080,19997487,7
18850080,18955830,1
18850080,1360698,5
18850080,18767675,1
18850080,1526075,1
18850080,16607822,3
18850080,23353167,1
18850080,1457232,1
18850080,7151442,4
18850080,18779992,5
18850080,18506072,1
18850080,16477792,13
18850080,5618532,3
18850080,11625832,20
18850080,16877932,1
18850080,7130232,24
18850080,3173762,2
18850080,16487812,21
18850080,6335372,1
18850080,1776274,4
18850080,19249559,1
18850080,18494105,8
18850080,10016162,1
18850080,21837219,11
18850080,23594916,2
18850080,19218850,1
18850080,7836842,15
18850080,19828398,1
18850080,17467312,5
18850080,18589616,1
18850080,18314164,3
18850080,16447162,12
18850080,6707902,6
18850080,9376702,4
18850080,10178242,18
18850080,14546632,4
18850080,16062152,2
18850080,14649032,2
18850080,18616278,12
18850080,17872862,2
18850080,24125934,1
18850080,10016242,66
18850080,15297782,4
18850080,16548342,1
18850080,19654655,2
1433893,3173762,1
1433893,1776274,2
1433893,1787157,1
1433893,1743773,1
1433893,1728035,2
1433893,711599,1
1433893,17467312,1
1433893,18471729,1
1433893,6707902,1
1433893,10178242,1
1433893,18996036,1
1433893,11626822,1
1433893,14546632,1
1433893,4268372,1
1433893,16477792,1
1433893,10016242,1
1274150,710272,1
1274150,18672773,1
1274150,14396812,1
1274150,19728145,1
1274150,18801828,1
1274150,23594916,1
1274150,25521445,1
1274150,20186791,1
1274150,1324203,3
1274150,23112117,1
1274150,7700282,1
1274150,8540732,1
1274150,1578685,1
1274150,339011,1
1274150,1354051,1
1274150,14649032,1
1274150,1457232,1
1274150,19266390,1
1274150,20348898,1
1274150,22197221,1
1274150,22422502,1
1274150,1805550,1
1274150,15552112,1
1274150,22130047,1
1169709,18495240,1
1169709,1728035,1
1169709,18955830,1
1169709,20181560,1
1169709,22023226,1
1169709,19108156,1
1169709,1078077,1
1169709,10000962,1
1169709,16607822,1
1169709,7151442,1
1169709,5282132,1
1169709,1371991,1
1169709,18506072,3
1169709,19030621,1
1169709,16477792,1
1169709,11625832,1
1169709,15552112,1
1169709,1786237,1
1169709,1187715,1
1169709,541319,2
1169709,19218850,1
1169709,21837219,1
1169709,18801828,1
1169709,7836842,3
1169709,1324203,1
1169709,6707902,1
1169709,21989057,1
1169709,18977219,1
1169709,14649032,2
1169709,16062152,1
1169709,6284242,1
1169709,19100119,1
1169709,18629337,1
1169709,17872862,1
1169709,1642477,1
1169709,18361585,1
1169709,15297782,1
1169709,19654655,1
18729267,11294262,1
4063542,21715712,3
4063542,18562307,2
4063542,22422793,1
4063542,10426762,4
4063542,1492619,1
4063542,19728145,1
4063542,15770262,1
4063542,18414491,1
4063542,23499806,1
4063542,16954142,1
4063542,20186791,1
4063542,18425641,2
4063542,8908602,2
4063542,19011903,1
4063542,19964997,1
4063542,1751502,3
4063542,19266390,3
4063542,1498076,1
4063542,1622500,1
4063542,19443174,1
4063542,6190702,1
4063542,18529135,1
4063542,18602480,1
4063542,1741429,2
4063542,22993273,1
4063542,18414590,1
1526075,535553,1
1526075,19728145,2
1526075,1102353,1
1526075,20402980,1
1526075,19997487,1
1526075,1360698,1
1526075,19266390,1
1526075,18506072,2
1526075,23053409,1
1526075,11625832,2
1526075,15552112,1
1526075,1763190,1
1526075,7130232,1
1526075,11862932,1
1526075,21837219,1
1526075,17467312,1
1526075,18314164,1
1526075,18476981,1
1526075,16447162,2
1526075,9376702,1
1526075,6707902,1
1526075,10178242,1
1526075,14649032,1
1526075,25471951,1
1526075,1349592,6
1526075,22197221,1
1526075,526316,1
1526075,10016242,2
1526075,14566132,1
1526075,47094,6
1526075,15297782,1
22585660,1492619,1
22585660,19728145,1
22585660,24619540,1
22585660,20336043,1
22585660,18955830,2
22585660,24584525,1
22585660,1371991,1
22585660,18506072,1
22585660,1349592,1
22585660,20377949,1
22585660,526316,1
19108156,535553,2
19108156,19194894,1
19108156,19262745,1
19108156,21533726,1
19108156,16954142,1
19108156,1728035,2
19108156,19528743,1
19108156,19997487,2
19108156,18471729,1
19108156,11294262,1
19108156,7700282,1
19108156,22023226,1
19108156,18996036,1
19108156,16607822,2
19108156,7151442,1
19108156,13560402,1
19108156,19266390,2
19108156,22021463,1
19108156,18506072,1
19108156,18779992,1
19108156,21957723,1
19108156,16477792,2
19108156,5618532,1
19108156,18529135,1
19108156,7130232,2
19108156,16487812,3
19108156,19033734,1
19108156,21686664,1
19108156,1776274,3
19108156,11862932,1
19108156,18494105,1
19108156,252576,1
19108156,10016162,1
19108156,18801828,2
19108156,7836842,2
19108156,3376042,1
19108156,17467312,1
19108156,18589616,2
19108156,405938,1
19108156,16447162,1
19108156,9376702,1
19108156,21989057,2
19108156,10178242,2
19108156,14649032,1
19108156,2542802,1
19108156,18616278,2
19108156,1498076,1
19108156,18361585,2
19108156,19094001,1
19108156,10016242,1
19108156,15297782,3
19108156,18556157,1
19108156,19654655,1
19011903,1187715,1
19011903,18562307,1
19011903,10426762,1
19011903,19266390,1
19011903,1371991,1
19011903,16954142,1
19011903,1622500,1
19011903,18425641,1
19011903,20336043,1
19011903,1642477,1
19011903,18955830,1
19011903,22993273,1
528705,19728145,1
528705,18471729,1
528705,18955830,2
528705,7700282,1
528705,339011,1
528705,1665349,1
528705,19266390,1
528705,1371991,1
528705,18286946,1
528705,6190702,1
528705,1473660,1
528705,1187715,5
528705,18549379,1
528705,24803205,1
528705,541319,1
528705,10426762,2
528705,14775182,1
528705,23674770,1
528705,11131552,1
528705,252576,1
528705,20186791,1
528705,5882552,1
528705,18549438,1
528705,1751502,2
528705,4705492,1
528705,1349592,1
528705,22197221,1
528705,1642477,1
528705,16548342,1
528705,18414590,1
1354051,1240194,1
1354051,1187715,1
1354051,16487812,1
1354051,18672773,1
1354051,6335372,1
1354051,14396812,1
1354051,19728145,1
1354051,19713173,1
1354051,1728035,1
1354051,2520612,1
1354051,23112117,1
1354051,18955830,1
1354051,20181560,1
1354051,8540732,1
1354051,1078077,1
1354051,1578685,1
1354051,1457232,1
1354051,18629337,1
1354051,19030621,1
1354051,20348898,1
1354051,15552112,1
1354051,18361585,1
1354051,929402,1
1665349,1187715,2
1665349,19728145,1
1665349,24316830,1
1665349,1451826,2
1665349,18955830,2
1665349,24584525,1
1665349,6284242,1
1665349,4705492,1
1665349,1371991,2
1665349,20129636,1
1665349,1642477,2
1665349,929402,1
1665349,1473660,1
1665349,18414590,1
11626822,541319,1
11626822,1776274,2
11626822,1787157,1
11626822,19416348,1
11626822,1743773,1
11626822,1728035,1
11626822,711599,2
11626822,18471729,1
11626822,18996036,1
11626822,19964997,1
11626822,4268372,1
1431882,2556962,1
1431882,18589616,1
1431882,18955830,1
1431882,1078077,1
1431882,339011,2
1431882,16536012,1
1431882,6284242,1
1431882,18506072,1
1431882,23515107,1
1431882,1763190,1
1431882,929402,9
1431882,1473660,3
24584525,1102353,1
24584525,24619540,2
24584525,18798102,1
24584525,18955830,1
24584525,20181560,1
24584525,1772099,1
24584525,339011,3
24584525,18506072,1
24584525,21933145,1
24584525,1665418,1
24584525,1492619,1
24584525,25648018,1
24584525,19713173,1
24584525,19249559,1
24584525,19847832,1
24584525,24316830,1
24584525,7836842,1
24584525,20336043,1
24584525,1324203,2
24584525,16062152,1
24584525,24675279,2
24584525,4705492,3
24584525,19100119,1
24584525,22197221,1
24584525,20807142,2
24584525,1642477,1
5282132,18798102,2
5282132,21533726,1
5282132,1728035,2
5282132,6641192,1
5282132,11294262,1
5282132,18955830,2
5282132,20181560,1
5282132,18567736,1
5282132,19049542,1
5282132,16607822,1
5282132,13560402,1
5282132,21933145,1
5282132,23053409,1
5282132,18837102,1
5282132,7130232,1
5282132,929402,1
5282132,710272,3
5282132,541319,3
5282132,1776274,1
5282132,18494105,1
5282132,17487002,1
5282132,19687074,1
5282132,7836842,1
5282132,1324203,2
5282132,10178242,2
5282132,16062152,2
5282132,19680459,1
5282132,15297782,1
5282132,2496252,2
5282132,12588802,1
5282132,19728145,2
5282132,8908602,1
5282132,1078077,1
5282132,23353167,1
5282132,18506072,3
5282132,3173762,1
5282132,1187715,2
5282132,1581956,1
5282132,14396812,1
5282132,23674770,2
5282132,13288852,1
5282132,21837219,1
5282132,24850344,2
5282132,18476981,1
5282132,23595967,1
5282132,6284242,1
5282132,18616278,1
5282132,18882523,1
5282132,23515107,1
5282132,22197221,5
5282132,22422502,2
5282132,526316,2
5282132,25587693,2
5282132,10016242,1
5282132,19908083,1
5282132,18256892,1
5282132,18414590,1
5282132,19654655,1
4268372,18996036,1
4268372,1776274,1
4268372,1787157,1
4268372,1743773,1
4268372,1728035,1
4268372,711599,1
4268372,18471729,1
18506072,535553,1
18506072,19528743,4
18506072,22817838,1
18506072,339011,8
18506072,19964997,1
18506072,19049542,1
18506072,1457232,3
18506072,23053409,1
18506072,1473660,1
18506072,1240194,1
18506072,11375762,7
18506072,19713173,39
18506072,25934999,1
18506072,17487002,1
18506072,18801828,1
18506072,7836842,5
18506072,1324203,2
18506072,2542802,3
18506072,4705492,1
18506072,7263452,1
18506072,15297782,1
18506072,18556157,1
18506072,18562307,25
18506072,19416348,1
18506072,20757821,3
18506072,18286946,1
18506072,11625832,3
18506072,1786237,1
18506072,16487812,4
18506072,1665418,1
18506072,19249559,6
18506072,10016162,1
18506072,21837219,2
18506072,20336043,2
18506072,20836828,1
18506072,1622500,1
18506072,20807142,10
18506072,19828207,7
18506072,10016242,6
18506072,1102353,3
18506072,788001,1
18506072,1728035,3
18506072,2520612,3
18506072,24925734,1
18506072,6641192,1
18506072,18955830,29
18506072,11294262,2
18506072,20181560,10
18506072,1772099,2
18506072,16607822,2
18506072,18677333,1
18506072,19030621,1
18506072,16477792,3
18506072,6190702,4
18506072,15552112,1
18506072,1741429,1
18506072,929402,1
18506072,18549379,1
18506072,541319,6
18506072,1492619,2
18506072,1776274,2
18506072,19847832,1
18506072,26040985,1
18506072,18494105,1
18506072,252576,2
18506072,20186791,2
18506072,20041384,1
18506072,19828398,2
18506072,18549438,3
18506072,6707902,1
18506072,10178242,2
18506072,14546632,1
18506072,16062152,2
18506072,18629337,2
18506072,22468329,1
18506072,25681644,1
18506072,19728145,9
18506072,16954142,2
18506072,18425641,3
18506072,19997487,4
18506072,1451826,1
18506072,1697586,1
18506072,8805172,1
18506072,8908602,2
18506072,7700282,1
18506072,18767675,1
18506072,14380872,1
18506072,7151442,2
18506072,19266390,2
18506072,1371991,1
18506072,5618532,1
18506072,19934054,3
18506072,18529135,1
18506072,1763190,3
18506072,1187715,9
18506072,6335372,4
18506072,18923420,1
18506072,20421535,1
18506072,9376702,5
18506072,18180033,3
18506072,16067522,3
18506072,1349592,3
18506072,23515107,1
18506072,22197221,6
18506072,6121452,1
18506072,526316,6
18506072,1642477,1
18506072,22736876,1
18506072,5327862,1
18506072,47094,1
18506072,18414590,1
18506072,19654655,1
23968092,16477792,1
23968092,19997487,1
20377949,1187715,1
20377949,541319,1
20377949,19728145,1
20377949,19713173,1
20377949,20186791,2
20377949,20336043,1
20377949,18476981,1
20377949,18955830,1
20377949,339011,1
20377949,20384452,1
20377949,19049542,1
20377949,1576921,1
20377949,20836828,1
20377949,22197221,1
20377949,19934054,1
20377949,15552112,1
20377949,18361585,1
18286946,18562307,1
18286946,18955830,4
18286946,20757821,1
18286946,1772099,1
18286946,14380872,1
18286946,13560402,1
18286946,1371991,1
18286946,1763190,1
18286946,710272,1
18286946,18517376,1
18286946,1187715,3
18286946,19713173,1
18286946,18923420,1
18286946,252576,1
18286946,20336043,1
18286946,1324203,1
18286946,18589616,1
18286946,18816443,1
18286946,18549438,1
18286946,18660552,1
18286946,4705492,1
18286946,19100119,1
18286946,25397992,1
18286946,19828207,1
18286946,18414590,1
19827046,710272,1
19827046,6335372,1
19827046,19728145,3
19827046,19713173,1
19827046,17487002,2
19827046,11131552,1
19827046,788001,1
19827046,20336043,1
19827046,1324203,1
19827046,18589616,1
19827046,17467312,1
19827046,405938,1
19827046,1360698,1
19827046,1078077,9
19827046,339011,2
19827046,19049542,1
19827046,6284242,3
19827046,1349592,1
19827046,19030621,1
19827046,11625832,1
19827046,526316,1
19827046,6190702,1
19827046,18602480,1
19827046,10016242,1
19827046,11776502,1
19827046,18256892,1
25590123,25996638,1
25590123,25150760,1
25590123,18425641,1
25590123,22736876,1
25590123,16954142,1
16877932,3173762,1
16877932,16487812,3
16877932,1581956,1
16877932,18494105,1
16877932,11625832,3
16877932,7836842,1
16877932,18361585,1
16877932,10016242,1
16877932,16447162,1
22993273,18562307,1
22993273,10426762,2
22993273,1492619,1
22993273,16954142,2
22993273,18425641,3
22993273,23723436,1
22993273,18955830,1
22993273,19964997,1
22993273,4705492,2
22993273,19266390,7
22993273,18616278,1
22993273,1498076,1
22993273,1622500,2
22993273,22736876,2
22993273,18529135,2
22993273,1741429,1
22993273,18256892,1
24553853,1187715,1
24553853,18562307,1
24553853,24803205,1
24553853,19728145,1
24553853,18955830,1
24553853,23984060,2
24553853,1078077,1
24553853,339011,1
24553853,19964997,4
24553853,4705492,1
24553853,19266390,1
24553853,1371991,1
24553853,1622500,1
24553853,6190702,1
24553853,18529135,1
24553853,24693747,1
1786237,1187715,6
1786237,19728145,2
1786237,19713173,1
1786237,18955830,4
1786237,20181560,1
1786237,10000962,1
1786237,339011,1
1786237,6284242,1
1786237,1371991,2
1786237,1576921,1
1786237,22197221,1
1786237,25681644,1
1786237,1642477,3
17820032,10016162,1
21686664,3173762,1
21686664,16487812,1
21686664,1776274,1
21686664,11862932,2
21686664,19262745,1
21686664,18494105,1
21686664,21533726,1
21686664,7836842,1
21686664,17467312,1
21686664,405938,1
21686664,10178242,2
21686664,14649032,1
21686664,16607822,1
21686664,7151442,1
21686664,16477792,1
21686664,18361585,1
21686664,15297782,1
21686664,7130232,1
21686664,19654655,1
20586888,6230672,1
20586888,18571126,1
20586888,19266390,1
20586888,19416348,1
10426762,21715712,2
10426762,18562307,1
10426762,19728145,2
10426762,19416348,1
10426762,16954142,1
10426762,18425641,2
10426762,18642226,1
10426762,18955830,7
10426762,339011,1
10426762,14380872,1
10426762,19266390,2
10426762,255854,1
10426762,1187715,1
10426762,1492619,5
10426762,1776274,1
10426762,252576,2
10426762,21338021,1
10426762,20583850,1
10426762,23723436,2
10426762,1029550,1
10426762,23595967,1
10426762,18660552,1
10426762,1751502,6
10426762,18944977,1
10426762,4705492,3
10426762,1576921,1
10426762,1498076,1
10426762,1622500,1
10426762,19443174,2
10426762,526316,1
10426762,19094001,1
10426762,18256892,3
10426762,18556157,1
10426762,18414590,7
1665418,1187715,2
1665418,19728145,5
1665418,19847832,1
1665418,252576,1
1665418,20186791,2
1665418,20336043,1
1665418,18955830,1
1665418,1772099,1
1665418,19964997,1
1665418,19049542,1
1665418,4705492,2
1665418,526316,3
1665418,1642477,1
1665418,47094,1
19249559,18562307,1
19249559,1102353,3
19249559,19728145,1
19249559,191516,1
19249559,2520612,1
19249559,6641192,1
19249559,18955830,1
19249559,20181560,2
19249559,8908602,1
19249559,339011,1
19249559,19934054,1
19249559,11625832,4
19249559,6190702,1
19249559,18529135,1
19249559,1763190,1
19249559,7130232,1
19249559,929402,2
19249559,1473660,1
19249559,1240194,9
19249559,16487812,1
19249559,6335372,1
19249559,1776274,1
19249559,19713173,2
19249559,20421535,1
19249559,21837219,2
19249559,7836842,1
19249559,17467312,1
19249559,405938,1
19249559,18314164,1
19249559,6707902,2
19249559,21989057,1
19249559,10178242,1
19249559,20384452,1
19249559,16062152,1
19249559,18616278,2
19249559,17872862,1
19249559,22197221,2
19249559,22422502,1
19249559,22736876,1
19249559,526316,2
19249559,19828207,1
19249559,18361585,1
19249559,10016242,2
19249559,16548342,1
19249559,11776502,1
19249559,19654655,1
20269464,339011,1
20269464,18556100,1
20269464,22197221,1
20269464,19828207,1
20269464,2542802,1
22485402,15770262,1
22485402,929402,1
19218850,535553,1
19218850,1102353,2
19218850,6641192,1
19218850,22817838,1
19218850,18855476,1
19218850,339011,1
19218850,16607822,1
19218850,13560402,18
19218850,16477792,4
19218850,6190702,1
19218850,1741429,1
19218850,7130232,3
19218850,23398017,1
19218850,7138452,3
19218850,19713173,1
19218850,18494105,5
19218850,20493986,4
19218850,18801828,1
19218850,7836842,4
19218850,6707902,25
19218850,10178242,4
19218850,14546632,5
19218850,16062152,2
19218850,14649032,1
19218850,15297782,6
19218850,12588802,1
19218850,18425641,1
19218850,19997487,1
19218850,1697586,1
19218850,1360698,2
19218850,7151442,1
19218850,19266390,1
19218850,18779992,1
19218850,5618532,3
19218850,11625832,10
19218850,18517376,1
19218850,3173762,1
19218850,1187715,1
19218850,16487812,2
19218850,6335372,1
19218850,19822479,1
19218850,11862932,1
19218850,21837219,3
19218850,18589616,5
19218850,17467312,2
19218850,18314164,7
19218850,9376702,1
19218850,18953664,1
19218850,18616278,2
19218850,23515107,1
19218850,22197221,1
19218850,10016242,4
19218850,18414590,1
19218850,19654655,2
18626981,18517376,1
18626981,339011,1
18626981,17487002,1
18626981,929402,1
25694632,14380872,1
25694632,19266390,1
25694632,19416348,1
25694632,20807142,1
18764206,19728145,1
18764206,19687074,1
18764206,6284242,1
405938,535553,2
405938,12588802,1
405938,19262745,1
405938,21533726,1
405938,1728035,1
405938,1360698,1
405938,16607822,3
405938,23353167,1
405938,13560402,1
405938,7151442,1
405938,16477792,2
405938,11625832,3
405938,15552112,1
405938,7130232,2
405938,929402,1
405938,23398017,1
405938,24906881,1
405938,1187715,2
405938,16487812,5
405938,3173762,1
405938,1240194,1
405938,11862932,5
405938,18494105,1
405938,7836842,2
405938,17467312,15
405938,18589616,1
405938,16447162,1
405938,6707902,2
405938,9376702,3
405938,10178242,3
405938,14546632,2
405938,14649032,1
405938,6284242,1
405938,18616278,1
405938,17872862,1
405938,18361585,7
405938,10016242,1
405938,15297782,2
405938,18556157,1
405938,19654655,1
23112117,23040833,1
23112117,18672773,1
23112117,14396812,2
23112117,20348898,1
23112117,15552112,1
23112117,8540732,1
23112117,1578685,1
9710012,18425641,1
9710012,19908083,1
18977219,10000962,1
18977219,16487812,1
18977219,19964997,2
18977219,1492619,2
18977219,20806988,2
18977219,1751502,1
18977219,1776274,1
18977219,19713173,1
18977219,19266390,1
18977219,22021463,2
18977219,18476981,1
16536012,18562307,1
16536012,19728145,1
16536012,19713173,1
16536012,16954142,2
16536012,252576,1
16536012,22730657,1
16536012,26091301,1
16536012,18955830,1
16536012,8908602,2
16536012,339011,1
16536012,19266390,3
16536012,1622500,1
16536012,18529135,1
16536012,19828207,1
1751502,21715712,9
1751502,18562307,2
1751502,18495240,1
1751502,22422793,1
1751502,19728145,6
1751502,23499806,2
1751502,1728035,1
1751502,2520612,1
1751502,18471729,1
1751502,18955830,1
1751502,7700282,1
1751502,339011,3
1751502,19964997,9
1751502,19266390,6
1751502,1371991,3
1751502,19030621,1
1751502,6190702,7
1751502,18529135,1
1751502,24153712,1
1751502,1741429,3
1751502,1187715,6
1751502,1492619,2
1751502,20182158,1
1751502,19822479,1
1751502,11375762,1
1751502,18414491,2
1751502,20421535,1
1751502,252576,2
1751502,3376042,1
1751502,20336043,1
1751502,23723436,1
1751502,16067522,1
1751502,4705492,9
1751502,20836828,1
1751502,1498076,1
1751502,20124638,1
1751502,22197221,2
1751502,20807142,1
1751502,19443174,1
1751502,18414590,7
20351444,18425641,1
19100119,710272,1
19100119,18517376,1
19100119,1187715,1
19100119,18923420,1
19100119,24850344,1
19100119,1324203,2
19100119,18589616,1
19100119,18955830,1
19100119,10000962,1
19100119,18660552,1
19100119,24675279,1
19100119,13560402,1
19100119,1371991,1
19100119,19030621,1
19100119,25397992,2
19100119,1763190,1
20836828,1187715,2
20836828,19728145,1
20836828,19713173,1
20836828,20421535,1
20836828,18801828,1
20836828,20186791,1
20836828,18955830,1
20836828,16067522,2
20836828,339011,1
20836828,20384452,1
20836828,19049542,1
20836828,13560402,1
20836828,1576921,1
20836828,22197221,2
20836828,19934054,1
20836828,18361585,1
14557662,16477792,1
14557662,10016242,1
14557662,11862932,1
1622500,21715712,2
1622500,18562307,4
1622500,19728145,2
1622500,16954142,1
1622500,18425641,2
1622500,18471729,1
1622500,18955830,2
1622500,8908602,4
1622500,19964997,2
1622500,19266390,4
1622500,6190702,2
1622500,18529135,3
1622500,1741429,2
1622500,929402,1
1622500,1187715,1
1622500,24803205,1
1622500,1776274,1
1622500,19713173,1
1622500,3376042,1
1622500,20336043,1
1622500,4705492,2
1622500,18616278,1
1622500,1349592,1
1622500,1498076,1
1622500,22736876,1
1622500,18414590,2
25448937,339011,1
25448937,2520612,1
24125934,18616278,1
24125934,18494105,1
24125934,22817838,3
24125934,10016242,1
24125934,7130232,1
24125934,1360698,1
18602480,18517376,1
18602480,339011,1
18602480,19728145,2
18602480,6284242,1
18602480,15770262,1
18602480,6190702,1
18602480,1078077,1
19094001,19194894,1
19094001,19728145,2
19094001,18798102,1
19094001,19416348,2
19094001,16954142,5
19094001,2556962,1
19094001,1728035,1
19094001,6641192,1
19094001,18425641,2
19094001,19997487,1
19094001,1697586,1
19094001,11294262,2
19094001,18955830,1
19094001,22023226,1
19094001,7700282,1
19094001,8908602,2
19094001,339011,1
19094001,18996036,1
19094001,19964997,5
19094001,13560402,1
19094001,19266390,6
19094001,22021463,1
19094001,255854,1
19094001,18529135,3
19094001,1741429,2
19094001,7130232,1
19094001,16487812,1
19094001,19033734,1
19094001,541319,1
19094001,1492619,1
19094001,19822479,1
19094001,1776274,3
19094001,18494105,1
19094001,18801828,3
19094001,21338021,1
19094001,3376042,4
19094001,20583850,2
19094001,1324203,2
19094001,18314164,1
19094001,21989057,1
19094001,16062152,2
19094001,22985677,1
19094001,18944977,1
19094001,4705492,3
19094001,18616278,1
19094001,204767,1
19094001,22736876,2
19094001,11776502,1
19094001,18256892,1
19094001,18556157,1
19094001,18414590,1
11776502,19728145,1
11776502,19348756,1
11776502,18798102,3
11776502,191516,2
11776502,788001,11
11776502,6641192,2
11776502,1451826,1
11776502,18955830,1
11776502,1457232,1
11776502,19064659,1
11776502,19266390,1
11776502,19030621,1
11776502,6190702,1
11776502,18529135,1
11776502,710272,4
11776502,1187715,1
11776502,6335372,1
11776502,18256892,2
11776502,18494105,1
11776502,17487002,9
11776502,21338021,1
11776502,1324203,10
11776502,16062152,1
11776502,7699922,1
11776502,6284242,1
11776502,22422502,1
11776502,2496252,1
16548342,19194894,1
16548342,11294262,1
16548342,339011,1
16548342,13560402,1
16548342,11625832,1
16548342,1741429,1
16548342,7130232,1
16548342,1187715,1
16548342,16487812,1
16548342,1776274,1
16548342,21837219,1
16548342,18314164,1
16548342,6707902,1
16548342,10178242,1
16548342,4705492,1
16548342,18616278,1
16548342,1349592,1
16548342,18882523,2
16548342,18573279,1
16548342,10016242,1
16548342,19654655,2
1102353,12588802,1
1102353,18495240,9
1102353,25117452,1
1102353,19728145,2
1102353,2556962,1
1102353,1728035,1
1102353,1697586,1
1102353,11294262,1
1102353,20181560,4
1102353,1360698,1
1102353,1078077,1
1102353,339011,17
1102353,1772099,1
1102353,20806988,1
1102353,13560402,2
1102353,1371991,1
1102353,23053409,1
1102353,11625832,1
1102353,6190702,2
1102353,18529135,1
1102353,15552112,1
1102353,18468466,1
1102353,1741429,1
1102353,929402,11
1102353,1473660,2
1102353,18517376,2
1102353,1240194,3
1102353,1187715,5
1102353,19713173,1
1102353,20421535,1
1102353,20493986,1
1102353,18589616,1
1102353,6707902,2
1102353,16062152,1
1102353,19680459,1
1102353,6284242,1
1102353,18616278,1
1102353,1349592,1
1102353,17872862,1
1102353,22197221,8
1102353,19443174,1
1102353,18361585,1
1102353,15297782,1
1102353,18414590,1
23816722,1187715,1
21262880,18562307,1
21262880,20807142,1
21262880,6335372,1
21262880,526316,1
21262880,1741429,1
25641512,339011,2
25641512,22193397,1
20181560,23499806,1
20181560,2520612,2
20181560,6641192,1
20181560,18955830,7
20181560,3636792,1
20181560,22023226,1
20181560,18567736,1
20181560,339011,10
20181560,1772099,1
20181560,1457232,1
20181560,19030621,2
20181560,6190702,1
20181560,7130232,1
20181560,929402,2
20181560,1473660,1
20181560,1240194,1
20181560,1492619,2
20181560,20182158,1
20181560,19713173,7
20181560,19847832,3
20181560,18494105,1
20181560,252576,1
20181560,7836842,1
20181560,1324203,1
20181560,1307837,1
20181560,6707902,1
20181560,18549438,1
20181560,4705492,3
20181560,25681644,1
20181560,18562307,4
20181560,18495240,2
20181560,22422793,2
20181560,19728145,4
20181560,19416348,1
20181560,1697586,1
20181560,8805172,2
20181560,20806988,1
20181560,19064659,1
20181560,19266390,1
20181560,1371991,5
20181560,25857366,1
20181560,19934054,2
20181560,11625832,1
20181560,18529135,1
20181560,1187715,7
20181560,6335372,1
20181560,21837219,1
20181560,20336043,4
20181560,18476981,1
20181560,9376702,1
20181560,24431556,1
20181560,13635532,1
20181560,18616278,1
20181560,1498076,1
20181560,17872862,1
20181560,23515107,1
20181560,22197221,6
20181560,19443174,2
20181560,6121452,1
20181560,1642477,3
20181560,10016242,1
20181560,24693747,1
20181560,5327862,1
18567736,18517376,1
18567736,339011,1
16321082,13560402,1
16321082,17872862,1
16321082,11625832,2
16321082,6707902,2
8540732,18672773,1
8540732,14396812,1
8540732,24675279,1
8540732,20348898,1
8540732,1728035,1
8540732,1324203,2
8540732,15552112,1
8540732,1578685,1
10000962,1187715,1
10000962,541319,1
10000962,19728145,1
10000962,1776274,1
10000962,3376042,1
10000962,18955830,1
10000962,19964997,1
10000962,14649032,1
10000962,6284242,1
10000962,1349592,1
10000962,19030621,1
10000962,1642477,2
1772099,18562307,1
1772099,18495240,1
1772099,19728145,9
1772099,18955830,3
1772099,20757821,1
1772099,339011,2
1772099,1187715,1
1772099,18672773,1
1772099,541319,1
1772099,19708553,1
1772099,14396812,1
1772099,1776274,1
1772099,19713173,1
1772099,17487002,1
1772099,20186791,1
1772099,1324203,2
1772099,20336043,2
1772099,18314669,1
1772099,19828398,1
1772099,18549438,1
1772099,18180033,1
1772099,24431556,1
1772099,19680459,1
1772099,4705492,2
1772099,1576921,1
1772099,18573279,1
1772099,20348898,1
1772099,22197221,2
1772099,19443174,1
1772099,19828207,1
16607822,535553,1
16607822,21533726,2
16607822,1728035,4
16607822,19528743,1
16607822,13560402,1
16607822,16477792,3
16607822,15552112,1
16607822,7130232,1
16607822,929402,1
16607822,24906881,2
16607822,23398017,1
16607822,19033734,1
16607822,541319,1
16607822,1776274,4
16607822,18494105,2
16607822,252576,1
16607822,20041384,1
16607822,7836842,6
16607822,19828398,1
16607822,6707902,1
16607822,10178242,5
16607822,16062152,2
16607822,14649032,6
16607822,14546632,2
16607822,2542802,1
16607822,18361585,2
16607822,15297782,5
16607822,18556157,1
16607822,19728145,1
16607822,19262745,1
16607822,1360698,2
16607822,7700282,1
16607822,23353167,1
16607822,7151442,2
16607822,18779992,1
16607822,3173762,1
16607822,1187715,1
16607822,16487812,4
16607822,11862932,1
16607822,21837219,1
16607822,10016162,1
16607822,17467312,3
16607822,18589616,1
16607822,9376702,1
16607822,7699922,1
16607822,18616278,3
16607822,17872862,1
16607822,10016242,4
16607822,19654655,4
13560402,535553,1
13560402,21533726,1
13560402,1728035,3
13560402,22817838,1
13560402,18855476,2
13560402,18955830,3
13560402,11294262,1
13560402,339011,1
13560402,16477792,6
13560402,6190702,1
13560402,7130232,2
13560402,929402,1
13560402,710272,1
13560402,24906881,1
13560402,23398017,1
13560402,1776274,3
13560402,7138452,1
13560402,19713173,1
13560402,18494105,12
13560402,20493986,2
13560402,18801828,1
13560402,7836842,5
13560402,1324203,1
13560402,6707902,19
13560402,10178242,4
13560402,14546632,1
13560402,16062152,3
13560402,18660552,1
13560402,25397992,1
13560402,18361585,1
13560402,2237681,1
13560402,15297782,6
13560402,19728145,1
13560402,19416348,1
13560402,18425641,1
13560402,19997487,1
13560402,23353167,1
13560402,19266390,1
13560402,1371991,2
13560402,18779992,1
13560402,5618532,4
13560402,11625832,6
13560402,1763190,1
13560402,18517376,1
13560402,3173762,1
13560402,1187715,2
13560402,16487812,4
13560402,6335372,1
13560402,19822479,1
13560402,18923420,1
13560402,21837219,1
13560402,10016162,2
13560402,3376042,1
13560402,18589616,7
13560402,17467312,4
13560402,18314164,21
13560402,9376702,1
13560402,18616278,3
13560402,1349592,1
13560402,1498076,1
13560402,17872862,1
13560402,22197221,1
13560402,10016242,2
13560402,18232817,1
13560402,18414590,1
19030621,535553,1
19030621,18495240,1
19030621,19348756,1
19030621,1728035,1
19030621,6641192,1
19030621,19997487,2
19030621,18855476,1
19030621,18955830,1
19030621,1371991,1
19030621,18529135,1
19030621,7130232,1
19030621,1473660,1
19030621,16487812,1
19030621,541319,1
19030621,19713173,2
19030621,18494105,1
19030621,20186791,1
19030621,7836842,1
19030621,20336043,1
19030621,9376702,2
19030621,16067522,1
19030621,1576921,1
19030621,526316,1
19030621,10016242,1
19030621,18414590,1
1741429,21715712,1
1741429,18562307,8
1741429,19194894,1
1741429,19728145,2
1741429,19416348,1
1741429,16954142,8
1741429,18425641,8
1741429,11294262,1
1741429,8908602,3
1741429,7700282,1
1741429,19964997,3
1741429,14380872,1
1741429,19266390,13
1741429,21957723,1
1741429,255854,1
1741429,18529135,6
1741429,6190702,1
1741429,18517376,1
1741429,1187715,1
1741429,1492619,2
1741429,6335372,2
1741429,1776274,2
1741429,19266450,1
1741429,13288852,1
1741429,18801828,1
1741429,3376042,7
1741429,4705492,6
1741429,18616278,1
1741429,1498076,3
1741429,20807142,1
1741429,22736876,5
1741429,526316,1
1741429,24693747,1
1741429,15297782,1
1292918,339011,2
1292918,18549379,1
1292918,1776274,1
1292918,1349592,1
1292918,18573279,1
1292918,22197221,1
1292918,18314669,1
18549379,18562307,1
18549379,24803205,1
18549379,541319,1
18549379,11375762,1
18549379,19713173,1
18549379,18855476,1
18549379,18955830,1
18549379,9376702,1
18549379,339011,2
18549379,6190702,1
541319,1728035,3
541319,19528743,1
541319,6641192,1
541319,18955830,2
541319,11294262,2
541319,1457232,1
541319,15552112,1
541319,929402,2
541319,19708553,1
541319,18795154,1
541319,17487002,1
541319,19852452,1
541319,18801828,1
541319,7836842,1
541319,1324203,2
541319,16062152,1
541319,19680459,2
541319,4705492,3
541319,15297782,1
541319,2496252,1
541319,18562307,1
541319,19728145,4
541319,19416348,2
541319,18425641,1
541319,7700282,1
541319,1078077,1
541319,19266390,1
541319,18529135,1
541319,1763190,1
541319,1187715,2
541319,24803205,1
541319,21837219,1
541319,3376042,1
541319,18314669,1
541319,711599,1
541319,18476981,2
541319,18573279,1
541319,204767,1
541319,22736876,1
541319,19654655,1
19708553,19728145,1
19708553,20186791,1
19708553,18314669,1
19708553,1697586,1
19708553,18955830,3
19708553,19680459,4
19708553,4705492,1
19708553,1349592,1
19708553,18573279,1
19708553,19680612,1
6230672,1187715,2
6230672,1492619,1
6230672,19728145,3
6230672,19262745,1
6230672,19416348,2
6230672,18801828,1
6230672,339011,1
6230672,20384452,1
6230672,19266390,1
6230672,1642477,2
6230672,14566132,1
6230672,18571126,3
1776274,535553,2
1776274,19194894,4
1776274,1396244,1
1776274,21533726,1
1776274,1728035,19
1776274,19528743,1
1776274,11294262,2
1776274,18955830,3
1776274,22023226,2
1776274,339011,2
1776274,19964997,4
1776274,1457232,1
1776274,21957723,1
1776274,16477792,4
1776274,18837102,2
1776274,15552112,1
1776274,7130232,3
1776274,19033734,1
1776274,1492619,6
1776274,25076888,1
1776274,18494105,15
1776274,252576,4
1776274,18801828,2
1776274,7836842,8
1776274,1324203,2
1776274,19828398,1
1776274,6707902,1
1776274,1405630,1
1776274,21989057,3
1776274,10178242,4
1776274,16062152,3
1776274,14649032,1
1776274,2542802,1
1776274,4705492,13
1776274,15297782,6
1776274,18556157,2
1776274,18562307,1
1776274,19728145,3
1776274,1787157,2
1776274,19416348,2
1776274,16954142,3
1776274,18425641,2
1776274,19997487,4
1776274,18471729,4
1776274,7700282,4
1776274,8908602,3
1776274,18996036,3
1776274,7151442,1
1776274,19266390,5
1776274,22021463,5
1776274,5618532,3
1776274,20822884,1
1776274,11625832,4
1776274,18529135,1
1776274,3173762,1
1776274,1187715,1
1776274,16487812,8
1776274,6335372,1
1776274,19266450,1
1776274,11862932,2
1776274,1743773,1
1776274,10016162,1
1776274,21837219,2
1776274,23594916,2
1776274,3376042,4
1776274,20583850,1
1776274,23723436,1
1776274,18314669,1
1776274,711599,2
1776274,18589616,1
1776274,17467312,1
1776274,18314164,1
1776274,18476981,1
1776274,9376702,4
1776274,16067522,1
1776274,22985677,1
1776274,18616278,2
1776274,1349592,1
1776274,1576921,2
1776274,1498076,1
1776274,17872862,1
1776274,204767,4
1776274,18573279,1
1776274,22197221,2
1776274,22736876,1
1776274,10016242,6
1776274,18232817,1
1776274,18414590,1
1776274,19654655,1
18795154,4705492,1
18795154,19262745,1
18795154,15552112,2
18795154,18468466,2
18795154,24568502,1
18795154,929402,1
18795154,18592827,2
18795154,2496252,1
15770262,21715712,1
15770262,1187715,1
15770262,19728145,2
15770262,6190702,2
15770262,929402,1
19847832,18562307,2
19847832,19728145,2
19847832,6641192,1
19847832,18955830,4
19847832,1457232,1
19847832,25857366,1
19847832,1371991,1
19847832,19934054,1
19847832,6190702,1
19847832,1763190,1
19847832,1187715,3
19847832,19713173,3
19847832,21390741,1
19847832,252576,1
19847832,18549438,1
19847832,24431556,1
19847832,4705492,1
19847832,1576921,1
19847832,1498076,1
19847832,22197221,1
19847832,1642477,1
19847832,19828207,1
19847832,24693747,1
18494105,535553,11
18494105,19194894,4
18494105,21533726,3
18494105,1728035,12
18494105,6641192,1
18494105,22817838,7
18494105,18855476,3
18494105,11294262,1
18494105,18955830,2
18494105,22023226,2
18494105,339011,1
18494105,1457232,1
18494105,16477792,12
18494105,18837102,3
18494105,20440175,1
18494105,15552112,1
18494105,6190702,1
18494105,7130232,17
18494105,24906881,1
18494105,23398017,1
18494105,19033734,1
18494105,7138452,1
18494105,19713173,1
18494105,252576,1
18494105,20493986,1
18494105,18801828,2
18494105,20186791,1
18494105,7836842,19
18494105,1324203,1
18494105,19828398,2
18494105,16447162,3
18494105,6707902,7
18494105,21989057,1
18494105,10178242,14
18494105,16062152,1
18494105,14546632,1
18494105,14649032,2
18494105,18361585,3
18494105,2237681,1
18494105,15297782,7
18494105,18556157,1
18494105,12588802,2
18494105,19728145,2
18494105,19416348,1
18494105,16954142,1
18494105,19997487,15
18494105,1697586,1
18494105,1360698,6
18494105,8908602,1
18494105,1078077,1
18494105,7700282,1
18494105,18996036,1
18494105,14380872,1
18494105,7151442,3
18494105,19266390,3
18494105,22021463,2
18494105,18779992,1
18494105,5618532,3
18494105,11625832,13
18494105,18529135,1
18494105,3173762,8
18494105,1187715,2
18494105,16487812,25
18494105,19822479,1
18494105,11862932,2
18494105,21837219,4
18494105,10016162,1
18494105,3376042,1
18494105,711599,1
18494105,18589616,7
18494105,17467312,4
18494105,18314164,2
18494105,18476981,2
18494105,9376702,10
18494105,18180033,1
18494105,16067522,1
18494105,6284242,1
18494105,18616278,9
18494105,18882523,1
18494105,204767,1
18494105,18573279,1
18494105,22197221,1
18494105,20807142,1
18494105,10016242,38
18494105,19654655,2
26040985,18562307,1
26040985,19934054,1
2486942,1780720,1
2486942,10032122,1
2486942,18974119,1
252576,9307682,2
252576,1728035,1
252576,19528743,15
252576,20583464,1
252576,6641192,1
252576,18955830,3
252576,22023226,3
252576,339011,1
252576,19964997,1
252576,16477792,2
252576,20440175,1
252576,7130232,1
252576,1492619,2
252576,20186791,1
252576,1324203,1
252576,21989057,2
252576,10178242,1
252576,2542802,1
252576,4705492,6
252576,18562307,2
252576,18495240,1
252576,19728145,4
252576,19416348,1
252576,16954142,2
252576,25521445,1
252576,18425641,1
252576,7700282,26
252576,7151442,1
252576,19266390,2
252576,1371991,1
252576,22021463,1
252576,22130047,1
252576,1187715,2
252576,6335372,1
252576,10016162,1
252576,20583850,3
252576,20336043,1
252576,18589616,1
252576,18816443,1
252576,16067522,3
252576,18616278,1
252576,204767,1
252576,22736876,1
252576,1642477,1
252576,19828207,1
252576,10016242,3
252576,24693747,1
252576,5327862,1
11131552,710272,1
11131552,18517376,1
11131552,1187715,2
11131552,18495240,1
11131552,19728145,1
11131552,788001,1
11131552,18955830,1
11131552,339011,3
11131552,19049542,1
11131552,1371991,1
11131552,1349592,1
11131552,23515107,1
11131552,25397992,1
11131552,526316,1
11131552,1473660,1
24568502,15552112,1
24568502,18592827,1
5882552,1187715,1
5882552,14775182,1
5882552,19266390,1
5882552,1473660,1
6707902,535553,2
6707902,19194894,1
6707902,21533726,2
6707902,1728035,2
6707902,22817838,1
6707902,18855476,1
6707902,11294262,2
6707902,339011,3
6707902,16477792,15
6707902,18837102,1
6707902,6190702,1
6707902,7130232,6
6707902,929402,1
6707902,23398017,5
6707902,1240194,1
6707902,24906881,2
6707902,7138452,7
6707902,19713173,1
6707902,20493986,5
6707902,7836842,6
6707902,16447162,3
6707902,1578685,1
6707902,1405630,1
6707902,10178242,12
6707902,14546632,22
6707902,16062152,2
6707902,14649032,2
6707902,4705492,1
6707902,18361585,1
6707902,2237681,1
6707902,15297782,6
6707902,19728145,2
6707902,18425641,1
6707902,19997487,4
6707902,1360698,5
6707902,17894222,1
6707902,23353167,2
6707902,7151442,5
6707902,19266390,1
6707902,18779992,4
6707902,5618532,1
6707902,11625832,39
6707902,18529135,1
6707902,3173762,4
6707902,16487812,14
6707902,21755271,1
6707902,6335372,4
6707902,11862932,3
6707902,10016162,2
6707902,21837219,6
6707902,23594916,1
6707902,17467312,11
6707902,18589616,10
6707902,18314164,10
6707902,9376702,8
6707902,6284242,1
6707902,18616278,7
6707902,18882523,2
6707902,17872862,3
6707902,22197221,1
6707902,10016242,14
6707902,18414590,1
6707902,19654655,5
1405630,24906881,1
1405630,2305281,2
1405630,16487812,1
1405630,21755271,1
1405630,6284242,1
1405630,1576921,1
1405630,20822884,1
1405630,11625832,1
1405630,1578685,1
18549438,18562307,2
18549438,1187715,1
18549438,18672773,1
18549438,16487812,1
18549438,14396812,1
18549438,19728145,2
18549438,19713173,1
18549438,19262745,1
18549438,20041384,1
18549438,18425641,1
18549438,18955830,1
18549438,8908602,1
18549438,217795,1
18549438,16477792,1
18549438,20348898,1
18549438,11625832,1
217795,18562307,1
217795,24803205,1
217795,18425641,1
217795,18589616,1
20384452,1187715,2
20384452,19728145,2
20384452,19713173,2
20384452,20421535,1
20384452,22730657,2
20384452,20186791,1
20384452,18955830,1
20384452,339011,2
20384452,19049542,1
20384452,1371991,1
20384452,1349592,1
20384452,1576921,1
20384452,20129636,2
20384452,22197221,1
20384452,19934054,1
20384452,18361585,1
20384452,18414590,1
18629337,19713173,1
18629337,1078077,1
25397992,710272,1
25397992,18517376,1
25397992,1187715,1
25397992,18923420,1
25397992,24850344,1
25397992,1324203,1
25397992,18589616,1
25397992,18955830,1
25397992,18660552,1
25397992,1371991,1
25397992,23515107,1
25397992,1763190,1
21277425,6284242,1
21277425,19064659,1
21277425,1581956,1
14566132,1187715,1
14566132,19728145,1
14566132,6284242,1
14566132,19713173,1
14566132,1371991,1
14566132,19262745,1
14566132,526316,1
14566132,1642477,1
22608632,7836842,1
21715712,18562307,2
21715712,22422793,2
21715712,1492619,1
21715712,19728145,5
21715712,19713173,1
21715712,18414491,1
21715712,23499806,1
21715712,18471729,1
21715712,18955830,1
21715712,8908602,1
21715712,19964997,1
21715712,19266390,1
21715712,1498076,2
21715712,6190702,3
21715712,18529135,1
21715712,18414590,3
23456513,25117452,1
23456513,19728145,1
23456513,19713173,1
23456513,19266390,1
23456513,6190702,1
23456513,18361585,1
23456513,18955830,1
25117452,2556962,1
25117452,24446290,1
25117452,1349592,1
25903892,23674770,2
25856788,1187715,1
25856788,18955830,1
16954142,19194894,1
16954142,1728035,1
16954142,19528743,1
16954142,11294262,4
16954142,22023226,1
16954142,19964997,3
16954142,21957723,2
16954142,19033734,1
16954142,1492619,1
16954142,19713173,1
16954142,26090658,2
16954142,18801828,2
16954142,21989057,1
16954142,4705492,5
16954142,18556157,2
16954142,18562307,3
16954142,19416348,4
16954142,25150760,1
16954142,18425641,11
16954142,19997487,1
16954142,7700282,2
16954142,8908602,2
16954142,18996036,1
16954142,14380872,1
16954142,19266390,23
16954142,22021463,1
16954142,25996638,1
16954142,18529135,6
16954142,21245809,2
16954142,16487812,1
16954142,19822479,1
16954142,20368282,1
16954142,18414491,1
16954142,3376042,6
16954142,20583850,2
16954142,20336043,2
16954142,21192621,1
16954142,16067522,1
16954142,18616278,1
16954142,1498076,5
16954142,22736876,6
16954142,19828207,1
16954142,24693747,1
22643488,710272,1
22643488,23040833,1
22643488,1187715,1
22643488,19728145,1
22643488,23053409,1
22643488,20129636,1
20402980,25471951,1
20402980,18589616,1
20402980,47094,5
20402980,1349592,1
7193382,710272,1
19997487,535553,9
19997487,19194894,2
19997487,21533726,6
19997487,2556962,1
19997487,1728035,9
19997487,6641192,1
19997487,22817838,10
19997487,18855476,4
19997487,11294262,1
19997487,18955830,1
19997487,22023226,1
19997487,16477792,20
19997487,18837102,1
19997487,7130232,16
19997487,19033734,1
19997487,19713173,1
19997487,18801828,1
19997487,20186791,1
19997487,7836842,6
19997487,16447162,7
19997487,21989057,1
19997487,10178242,17
19997487,14546632,2
19997487,14649032,1
19997487,18361585,1
19997487,15297782,4
19997487,18556157,1
19997487,19728145,1
19997487,19416348,1
19997487,18425641,1
19997487,7700282,1
19997487,8908602,1
19997487,1360698,5
19997487,18996036,1
19997487,7151442,4
19997487,19266390,2
19997487,22021463,1
19997487,18779992,2
19997487,5618532,1
19997487,11625832,17
19997487,18529135,1
19997487,3173762,3
19997487,16487812,29
19997487,6335372,1
19997487,11862932,1
19997487,21837219,10
19997487,3376042,1
19997487,17467312,2
19997487,18589616,3
19997487,18314164,2
19997487,9376702,11
19997487,16067522,2
19997487,22985677,1
19997487,18616278,7
19997487,18882523,1
19997487,22736876,1
19997487,19828207,1
19997487,10016242,44
19997487,18256892,1
20931376,788001,1
20931376,16487812,1
20931376,20197351,1
20931376,16062152,1
20931376,7836842,1
18471729,1492619,1
18471729,19728145,1
18471729,1787157,1
18471729,1743773,1
18471729,1728035,1
18471729,711599,1
18471729,18955830,2
18471729,8908602,1
18471729,18996036,1
18471729,4705492,3
18471729,1498076,1
18471729,6190702,1
8805172,18562307,1
8805172,22197221,1
8805172,6190702,1
8805172,18955830,1
1360698,535553,6
1360698,19194894,3
1360698,21533726,1
1360698,1728035,15
1360698,22817838,2
1360698,18855476,1
1360698,16477792,10
1360698,18837102,1
1360698,15552112,1
1360698,7130232,10
1360698,929402,1
1360698,19713173,1
1360698,7836842,13
1360698,16447162,3
1360698,10178242,13
1360698,14649032,3
1360698,16062152,1
1360698,14546632,1
1360698,4705492,1
1360698,18361585,2
1360698,15297782,7
1360698,18556157,1
1360698,12588802,1
1360698,18425641,1
1360698,18996036,1
1360698,23353167,5
1360698,20135762,1
1360698,7151442,1
1360698,18779992,3
1360698,5618532,3
1360698,11625832,13
1360698,3173762,6
1360698,1187715,1
1360698,16487812,13
1360698,11862932,1
1360698,21837219,8
1360698,23594916,1
1360698,711599,1
1360698,18589616,5
1360698,17467312,5
1360698,18314164,1
1360698,9376702,10
1360698,16067522,1
1360698,18616278,13
1360698,17872862,4
1360698,10016242,29
1360698,19654655,2
1078077,18495240,1
1078077,19728145,2
1078077,20940321,1
1078077,18955830,1
1078077,11294262,1
1078077,7700282,1
1078077,339011,3
1078077,1371991,1
1078077,6190702,1
1078077,929402,1
1078077,1187715,1
1078077,24803205,1
1078077,17487002,2
1078077,3376042,1
1078077,1324203,1
1078077,10178242,1
1078077,6284242,6
1078077,1349592,1
1078077,1642477,1
1078077,18361585,1
1078077,24693747,1
1078077,18256892,1
23040833,710272,1
23040833,14396812,1
23040833,19728145,2
23040833,20129636,1
18996036,19194894,1
18996036,1787157,1
18996036,1728035,2
18996036,11294262,1
18996036,22023226,1
18996036,19266390,1
18996036,22021463,1
18996036,18529135,1
18996036,16487812,1
18996036,19033734,1
18996036,1743773,1
18996036,18801828,1
18996036,7836842,1
18996036,3376042,1
18996036,1324203,1
18996036,711599,1
18996036,21989057,1
18996036,16062152,1
18996036,4705492,1
18996036,18616278,2
18996036,15297782,1
18996036,18556157,1
17894222,18314164,1
19266390,535553,1
19266390,19194894,1
19266390,18798102,1
19266390,1728035,2
19266390,19528743,1
19266390,6641192,1
19266390,18955830,3
19266390,11294262,5
19266390,22023226,1
19266390,339011,1
19266390,19964997,12
19266390,21957723,1
19266390,6190702,1
19266390,7130232,1
19266390,19033734,1
19266390,1492619,6
19266390,19713173,1
19266390,26090658,1
19266390,18801828,6
19266390,7836842,1
19266390,1324203,2
19266390,21989057,1
19266390,4705492,12
19266390,18361585,1
19266390,15297782,4
19266390,18556157,1
19266390,18562307,15
19266390,19728145,4
19266390,19416348,9
19266390,25521445,1
19266390,18425641,17
19266390,4064562,1
19266390,7700282,5
19266390,8908602,5
19266390,14380872,1
19266390,22021463,1
19266390,5618532,1
19266390,18529135,12
19266390,21245809,1
19266390,18571126,1
19266390,1187715,2
19266390,16487812,2
19266390,14775182,1
19266390,19822479,1
19266390,23594916,1
19266390,21338021,1
19266390,3376042,9
19266390,20336043,1
19266390,23723436,2
19266390,11938732,1
19266390,20583850,1
19266390,18589616,1
19266390,9376702,1
19266390,16067522,2
19266390,22985677,1
19266390,18944977,1
19266390,18616278,2
19266390,1498076,8
19266390,20124638,1
19266390,204767,1
19266390,20807142,1
19266390,22736876,10
19266390,19828207,1
19266390,47094,1
19266390,18256892,2
19266390,18414590,1
5618532,535553,5
5618532,788001,1
5618532,1728035,3
5618532,18425641,1
5618532,22817838,1
5618532,18855476,1
5618532,18955830,1
5618532,7151442,1
5618532,1371991,1
5618532,18779992,2
5618532,16477792,6
5618532,11625832,3
5618532,7130232,4
5618532,3173762,4
5618532,1187715,1
5618532,16487812,4
5618532,11862932,1
5618532,21837219,2
5618532,7836842,2
5618532,18589616,4
5618532,17467312,1
5618532,18314164,3
5618532,9376702,1
5618532,10178242,6
5618532,18616278,6
5618532,17872862,1
5618532,1642477,1
5618532,10016242,10
5618532,15297782,2
5618532,18414590,1
20822884,1576921,1
19934054,18562307,1
19934054,19728145,1
19934054,1697586,1
19934054,18955830,2
19934054,11294262,1
19934054,339011,1
19934054,19049542,1
19934054,25857366,1
19934054,1371991,1
19934054,1187715,2
19934054,19713173,2
19934054,17487002,1
19934054,20186791,1
19934054,1324203,1
19934054,1576921,1
19934054,1498076,1
19934054,22197221,3
19934054,20807142,1
19934054,1642477,1
19934054,18361585,2
19934054,24693747,1
18529135,19194894,1
18529135,18798102,1
18529135,788001,1
18529135,1728035,1
18529135,6641192,1
18529135,18955830,1
18529135,11294262,3
18529135,22023226,1
18529135,339011,1
18529135,19964997,5
18529135,929402,1
18529135,710272,1
18529135,1240194,1
18529135,19033734,1
18529135,1492619,1
18529135,17487002,1
18529135,26090658,2
18529135,18801828,2
18529135,1324203,2
18529135,21989057,1
18529135,4705492,3
18529135,15297782,1
18529135,18556157,2
18529135,18562307,4
18529135,19348756,2
18529135,19416348,4
18529135,18425641,6
18529135,8908602,2
18529135,22021463,1
18529135,11625832,1
18529135,16487812,1
18529135,3376042,7
18529135,18616278,3
18529135,1498076,7
18529135,17872862,1
18529135,22736876,5
1581956,3173762,1
1581956,339011,1
1581956,6284242,1
1581956,19064659,1
6335372,18562307,3
6335372,18495240,1
6335372,19728145,1
6335372,19528743,1
6335372,18425641,2
6335372,18955830,1
6335372,339011,2
6335372,16477792,3
6335372,23053409,1
6335372,11625832,5
6335372,18837102,1
6335372,1763190,3
6335372,7130232,1
6335372,16487812,3
6335372,24803205,1
6335372,7138452,1
6335372,13288852,1
6335372,19713173,1
6335372,25076888,1
6335372,17487002,1
6335372,18923420,1
6335372,24316830,1
6335372,1324203,1
6335372,19828398,3
6335372,18314164,1
6335372,9376702,1
6335372,21989057,1
6335372,10178242,1
6335372,2542802,1
6335372,22197221,2
6335372,20807142,2
6335372,526316,3
6335372,10016242,2
6335372,15297782,1
6335372,47094,1
6335372,19654655,1
14775182,1187715,1
25648018,22197221,1
25648018,20336043,1
25648018,19713173,1
25648018,18955830,1
11862932,535553,2
11862932,19262745,1
11862932,21533726,1
11862932,788001,1
11862932,18642226,1
11862932,11294262,1
11862932,20135762,1
11862932,7151442,1
11862932,18779992,2
11862932,16477792,2
11862932,11625832,5
11862932,7130232,2
11862932,929402,1
11862932,23398017,1
11862932,3173762,3
11862932,16487812,7
11862932,21837219,2
11862932,7836842,3
11862932,17467312,5
11862932,18589616,1
11862932,10178242,7
11862932,14649032,3
11862932,14546632,2
11862932,6284242,1
11862932,2237681,1
11862932,10016242,6
11862932,18361585,1
11862932,15297782,1
11862932,19654655,2
20368282,1492619,1
18414491,19964997,1
18414491,22422793,1
18414491,4705492,1
18414491,23499806,1
18414491,21192621,1
18414491,18414590,1
1743773,1787157,1
1743773,1728035,1
1743773,711599,1
24316830,1642477,1
24316830,4705492,1
20421535,22197221,1
20421535,18955830,1
20421535,9376702,1
3376042,18562307,1
3376042,19194894,1
3376042,19416348,7
3376042,1728035,1
3376042,6641192,1
3376042,18425641,5
3376042,11294262,3
3376042,22023226,1
3376042,8908602,1
3376042,19964997,3
3376042,14380872,2
3376042,22021463,1
3376042,16487812,1
3376042,19033734,1
3376042,1492619,2
3376042,26090658,1
3376042,18801828,2
3376042,1324203,1
3376042,23723436,1
3376042,20583850,1
3376042,7836842,1
3376042,18476981,1
3376042,21989057,1
3376042,10178242,1
3376042,16062152,1
3376042,18944977,1
3376042,4705492,2
3376042,18616278,1
3376042,1498076,3
3376042,22736876,3
3376042,18232817,1
3376042,15297782,1
3376042,18556157,2
11938732,710272,1
11938732,18798102,1
11938732,788001,1
11938732,1324203,1
11938732,4064562,1
11938732,2496252,1
711599,16487812,1
711599,1787157,1
711599,19416348,1
711599,1728035,1
711599,7836842,1
711599,18476981,1
711599,9376702,1
711599,16062152,1
711599,18616278,1
711599,526316,1
711599,10016242,1
711599,7130232,1
18314164,535553,2
18314164,18495240,1
18314164,21533726,2
18314164,1728035,1
18314164,7151442,3
18314164,16477792,10
18314164,11625832,6
18314164,18837102,1
18314164,6190702,1
18314164,7130232,4
18314164,22437242,1
18314164,24906881,1
18314164,23398017,1
18314164,1187715,1
18314164,16487812,4
18314164,7138452,1
18314164,10016162,3
18314164,21837219,2
18314164,20493986,1
18314164,7836842,2
18314164,18589616,4
18314164,17467312,1
18314164,16447162,2
18314164,9376702,1
18314164,10178242,5
18314164,14546632,1
18314164,25471951,1
18314164,18616278,2
18314164,22197221,1
18314164,526316,1
18314164,18361585,2
18314164,10016242,4
18314164,47094,1
18314164,15297782,1
18314164,19654655,1
9376702,535553,8
9376702,19194894,2
9376702,21533726,5
9376702,2556962,1
9376702,1728035,13
9376702,6641192,1
9376702,22817838,1
9376702,18855476,4
9376702,18955830,1
9376702,16477792,13
9376702,18837102,1
9376702,15552112,1
9376702,7130232,11
9376702,929402,2
9376702,23398017,1
9376702,7138452,1
9376702,20493986,2
9376702,18801828,1
9376702,20186791,1
9376702,7836842,28
9376702,1324203,1
9376702,16447162,4
9376702,10178242,9
9376702,16062152,7
9376702,14546632,3
9376702,14649032,3
9376702,4705492,1
9376702,18361585,5
9376702,15297782,6
9376702,18556157,1
9376702,18562307,1
9376702,19728145,2
9376702,8908602,1
9376702,23353167,1
9376702,7151442,2
9376702,1371991,1
9376702,18779992,6
9376702,11625832,26
9376702,3173762,4
9376702,1187715,1
9376702,16487812,24
9376702,21837219,6
9376702,17467312,4
9376702,18589616,4
9376702,16067522,2
9376702,18616278,6
9376702,17872862,2
9376702,22197221,1
9376702,19443174,1
9376702,526316,1
9376702,10016242,39
23595967,18798102,1
23595967,17487002,1
23595967,788001,1
23595967,24850344,1
23595967,1324203,1
23595967,1029550,1
23595967,18955830,1
23595967,19049542,1
23595967,4705492,1
23595967,1576921,1
23595967,23515107,1
23595967,22197221,1
23595967,526316,3
23595967,2496252,1
25326528,1763190,1
16067522,535553,1
16067522,18562307,7
16067522,19728145,1
16067522,1728035,1
16067522,18425641,1
16067522,22817838,1
16067522,18855476,1
16067522,11294262,1
16067522,18955830,2
16067522,7700282,3
16067522,8908602,1
16067522,19964997,2
16067522,14380872,2
16067522,21245809,3
16067522,7130232,1
16067522,1187715,1
16067522,16487812,1
16067522,1492619,1
16067522,19822479,1
16067522,19713173,1
16067522,17487002,1
16067522,18801828,1
16067522,20186791,7
16067522,1324203,1
16067522,16447162,1
16067522,10178242,2
16067522,2542802,1
16067522,4705492,5
16067522,1576921,3
16067522,526316,1
16067522,1642477,1
16067522,10016242,2
24431556,19728145,1
24431556,22197221,1
24431556,18955830,1
25717708,19262745,1
22985677,339011,1
22985677,16487812,1
22985677,19728145,1
22985677,11625832,1
22985677,1697586,1
22985677,18361585,1
22985677,19654655,1
25471951,47094,4
24675279,21933145,1
24675279,22422502,1
24675279,1324203,2
24675279,18955830,1
24675279,3636792,1
18944977,339011,1
18944977,14380872,1
18944977,18425641,1
18944977,255854,1
18944977,18955830,1
18944977,15297782,1
6284242,535553,1
6284242,19728145,3
6284242,1451826,1
6284242,339011,2
6284242,19064659,2
6284242,1371991,1
6284242,11625832,1
6284242,6190702,1
6284242,929402,3
6284242,1473660,2
6284242,24906881,1
6284242,1187715,3
6284242,16487812,1
6284242,21755271,1
6284242,17487002,2
6284242,17467312,1
6284242,1578685,1
6284242,1349592,1
6284242,1642477,2
6284242,18361585,1
6284242,18256892,1
1498076,18562307,3
1498076,19416348,2
1498076,18425641,2
1498076,18955830,1
1498076,11294262,2
1498076,7700282,1
1498076,19964997,1
1498076,1371991,1
1498076,25857366,1
1498076,6190702,1
1498076,1187715,1
1498076,1492619,1
1498076,19713173,1
1498076,26090658,2
1498076,20583850,2
1498076,4705492,1
1498076,18616278,1
1498076,22197221,1
1498076,22736876,2
1498076,24693747,1
20124638,4705492,2
22197221,18798102,1
22197221,6641192,1
22197221,18955830,14
22197221,339011,23
22197221,19049542,2
22197221,1457232,1
22197221,6190702,1
22197221,15552112,1
22197221,929402,3
22197221,19713173,7
22197221,20493986,1
22197221,20186791,1
22197221,7836842,1
22197221,1324203,2
22197221,16062152,1
22197221,25681644,1
22197221,18361585,1
22197221,15297782,1
22197221,2496252,2
22197221,18562307,2
22197221,18495240,1
22197221,19728145,12
22197221,25857366,1
22197221,1371991,4
22197221,11625832,2
22197221,1763190,2
22197221,1187715,7
22197221,16487812,1
22197221,24803205,1
22197221,23674770,3
22197221,18923420,1
22197221,22730657,1
22197221,24850344,1
22197221,20336043,1
22197221,23723436,1
22197221,18314669,2
22197221,18589616,2
22197221,1349592,2
22197221,1576921,1
22197221,18573279,1
22197221,23515107,1
22197221,20807142,3
22197221,526316,5
22197221,1642477,2
22197221,25587693,1
22197221,10016242,1
22197221,24693747,1
22197221,18414590,1
22422502,710272,1
22422502,1187715,1
22422502,19728145,2
22422502,191516,1
22422502,20186791,1
22422502,6641192,1
22422502,1324203,1
22422502,18955830,1
22422502,3636792,1
22422502,7700282,1
22422502,14649032,1
22422502,21933145,1
22422502,1576921,1
22422502,23053409,1
22422502,22130047,1
1780720,10032122,1
1780720,18974119,1
24693747,1187715,3
24693747,18562307,1
24693747,24803205,1
24693747,19728145,2
24693747,19713173,1
24693747,18314669,1
24693747,18955830,2
24693747,7700282,1
24693747,339011,1
24693747,7699922,1
24693747,25857366,1
24693747,1371991,3
24693747,1349592,1
24693747,1642477,1
24693747,6190702,1
5327862,6121452,1
5327862,1473660,1
5327862,1578685,1
10032122,18974119,2
10032122,18476981,1
10032122,19262745,1
18256892,18798102,1
18256892,19416348,2
18256892,788001,1
18256892,6641192,1
18256892,18955830,1
18256892,7700282,1
18256892,19964997,1
18256892,1371991,2
18256892,1187715,2
18256892,1492619,4
18256892,19687074,1
18256892,21338021,1
18256892,1324203,2
18256892,23723436,3
18256892,10178242,1
18256892,4705492,3
18256892,1349592,1
18256892,1576921,1
18256892,19908083,1
18414590,22422793,1
18414590,19728145,8
18414590,23499806,1
18414590,18955830,7
18414590,7700282,1
18414590,339011,3
18414590,19964997,1
18414590,1457232,1
18414590,1371991,1
18414590,710272,1
18414590,1187715,1
18414590,1492619,2
18414590,19713173,2
18414590,20493986,1
18414590,18589616,2
18414590,10178242,1
18414590,18556100,1
18414590,16062152,1
18414590,4705492,5
18414590,19443174,1
18414590,526316,1
18414590,15297782,1
18414590,18556157,1
535553,19194894,2
535553,1728035,5
535553,6641192,1
535553,22817838,2
535553,17686062,1
535553,18855476,2
535553,16477792,9
535553,18837102,1
535553,7130232,27
535553,20186791,1
535553,7836842,12
535553,16447162,17
535553,10178242,9
535553,14546632,2
535553,16062152,1
535553,18361585,2
535553,15297782,5
535553,12588802,2
535553,19728145,1
535553,8908602,1
535553,7151442,1
535553,20135762,1
535553,18779992,5
535553,11625832,19
535553,3173762,2
535553,1187715,1
535553,16487812,19
535553,21837219,2
535553,18314669,1
535553,17467312,4
535553,18589616,4
535553,18616278,10
535553,17872862,3
535553,10016242,33
535553,19654655,1
998413,1578685,6
998413,929402,1
19194894,21533726,1
19194894,2556962,1
19194894,1728035,4
19194894,11294262,2
19194894,22023226,1
19194894,19964997,1
19194894,7151442,1
19194894,18677333,1
19194894,22021463,1
19194894,18779992,1
19194894,16477792,3
19194894,11625832,1
19194894,7130232,2
19194894,16487812,5
19194894,19033734,1
19194894,14396812,1
19194894,21837219,1
19194894,18801828,1
19194894,7836842,5
19194894,17467312,4
19194894,18589616,3
19194894,16447162,2
19194894,21989057,1
19194894,10178242,2
19194894,16062152,1
19194894,4705492,1
19194894,18616278,1
19194894,17872862,1
19194894,10016242,7
19194894,15297782,3
19194894,18556157,1
191516,23674770,5
191516,17487002,1
191516,788001,1
191516,22730657,1
191516,20186791,2
191516,6641192,1
191516,7836842,1
191516,1324203,2
191516,18955830,1
191516,339011,1
191516,1371991,1
191516,25587693,1
4631582,6641192,1
21533726,19262745,1
21533726,2556962,1
21533726,1728035,1
21533726,22817838,2
21533726,18855476,1
21533726,7151442,2
21533726,18779992,1
21533726,16477792,9
21533726,11625832,3
21533726,7130232,4
21533726,24906881,1
21533726,3173762,1
21533726,16487812,10
21533726,21837219,4
21533726,20041384,1
21533726,7836842,5
21533726,18589616,1
21533726,17467312,1
21533726,10178242,3
21533726,14649032,1
21533726,18616278,3
21533726,18882523,1
21533726,18361585,3
21533726,10016242,11
21533726,2237681,1
21533726,15297782,2
21533726,19654655,1
23499806,19964997,1
23499806,22422793,1
23499806,23515107,1
23499806,19443174,1
2556962,18562307,1
2556962,18495240,1
2556962,19728145,1
2556962,19333013,2
2556962,21837219,2
2556962,339011,1
2556962,1349592,1
2556962,16477792,2
2556962,19443174,1
2556962,929402,3
2556962,1473660,1
19528743,18562307,1
19528743,1492619,2
19528743,19728145,1
19528743,19713173,1
19528743,9307682,2
19528743,10016162,1
19528743,18425641,1
19528743,20583850,1
19528743,22023226,1
19528743,7700282,11
19528743,2542802,1
19528743,4705492,2
19528743,929402,1
19528743,22130047,1
20583464,710272,1
20583464,19728145,1
20583464,1324203,4
20583464,22023226,1
20583464,22130047,1
22817838,12588802,1
22817838,19728145,1
22817838,1728035,4
22817838,18955830,1
22817838,11294262,1
22817838,7151442,1
22817838,16477792,4
22817838,11625832,3
22817838,7130232,9
22817838,3173762,3
22817838,16487812,7
22817838,21837219,3
22817838,7836842,4
22817838,18589616,2
22817838,16447162,1
22817838,18180033,1
22817838,10178242,5
22817838,16062152,1
22817838,18616278,2
22817838,526316,1
22817838,18361585,1
22817838,10016242,13
22817838,15297782,1
22023226,19728145,1
22023226,19416348,1
22023226,9307682,1
22023226,1728035,2
22023226,11294262,1
22023226,7700282,1
22023226,19964997,1
22023226,14380872,1
22023226,22021463,2
22023226,7130232,1
22023226,16487812,1
22023226,19033734,1
22023226,1492619,1
22023226,18801828,2
22023226,20583850,1
22023226,1324203,1
22023226,21989057,1
22023226,4705492,2
22023226,18616278,1
22023226,204767,1
22023226,10016242,1
22023226,18556157,1
18592827,19262745,1
18592827,15552112,2
18592827,18468466,1
18549827,1349592,1
18549827,11294262,1
339011,19049542,2
339011,1473660,4
339011,24906881,1
339011,1240194,1
339011,7138452,1
339011,19713173,7
339011,17487002,2
339011,1324203,1
339011,4705492,1
339011,18361585,2
339011,22193397,1
339011,15297782,2
339011,18562307,4
339011,19416348,1
339011,11625832,2
339011,18517376,6
339011,16487812,1
339011,20336043,2
339011,18314669,2
339011,20807142,2
339011,10016242,2
339011,788001,1
339011,2520612,2
339011,6641192,2
339011,18955830,18
339011,11294262,1
339011,16477792,1
339011,6190702,4
339011,15552112,2
339011,929402,17
339011,710272,1
339011,23398017,1
339011,20493986,1
339011,20186791,2
339011,19828398,1
339011,16062152,1
339011,22468329,1
339011,25681644,1
339011,18495240,25
339011,19728145,24
339011,26091301,1
339011,1697586,1
339011,1451826,1
339011,1371991,5
339011,20129636,1
339011,1763190,2
339011,1187715,15
339011,24803205,1
339011,22730657,3
339011,18589616,2
339011,18476981,2
339011,18180033,1
339011,13635532,1
339011,18616278,1
339011,1349592,1
339011,1576921,1
339011,18882523,1
339011,17872862,1
339011,18573279,2
339011,526316,2
339011,1642477,4
339011,19654655,1
19964997,18562307,3
19964997,22422793,1
19964997,19728145,2
19964997,19416348,1
19964997,2520612,1
19964997,18425641,1
19964997,11294262,1
19964997,7700282,1
19964997,19049542,1
19964997,14380872,1
19964997,1492619,2
19964997,19822479,2
19964997,23984060,1
19964997,4705492,14
19964997,18616278,1
19964997,204767,2
19964997,20807142,1
19964997,22736876,3
19964997,526316,1
19964997,15297782,1
19049542,19728145,8
19049542,788001,1
19049542,1728035,1
19049542,6641192,1
19049542,18425641,1
19049542,18955830,3
19049542,1371991,1
19049542,6190702,1
19049542,1763190,1
19049542,710272,1
19049542,1187715,2
19049542,19713173,1
19049542,25934999,1
19049542,20186791,1
19049542,24850344,1
19049542,1324203,1
19049542,1576921,1
19049542,23515107,1
19049542,526316,4
19049542,18361585,1
19049542,2496252,2
1457232,18562307,2
1457232,19728145,3
1457232,6641192,1
1457232,18955830,4
1457232,20757821,1
1457232,1371991,1
1457232,6190702,1
1457232,929402,2
1457232,1240194,1
1457232,1187715,1
1457232,19713173,1
1457232,18923420,1
1457232,7836842,1
1457232,7699922,1
1457232,526316,1
1457232,1642477,1
1457232,19828207,1
1457232,10016242,1
21933145,1187715,1
21933145,22730657,1
21933145,21338021,1
21933145,1324203,1
21957723,18801828,2
21957723,15297782,1
23053409,16487812,1
23053409,18495240,1
23053409,11625832,1
23053409,10016242,1
23053409,47094,1
23053409,23573879,1
23053409,929402,1
23053409,22130047,1
20440175,19416348,1
20440175,526316,1
20440175,7700282,1
21134448,23353167,1
7130232,1728035,8
7130232,6641192,1
7130232,18855476,2
7130232,16477792,18
7130232,6190702,1
7130232,18837102,1
7130232,25076888,1
7130232,20186791,1
7130232,7836842,12
7130232,16447162,16
7130232,10178242,20
7130232,18556100,1
7130232,16062152,1
7130232,14546632,1
7130232,14649032,2
7130232,18361585,2
7130232,15297782,5
7130232,12588802,1
7130232,19728145,1
7130232,19262745,1
7130232,18425641,1
7130232,7700282,1
7130232,8908602,1
7130232,7151442,4
7130232,22021463,1
7130232,18779992,6
7130232,11625832,19
7130232,3173762,5
7130232,1187715,1
7130232,16487812,28
7130232,21837219,15
7130232,23594916,1
7130232,17467312,5
7130232,18589616,3
7130232,18616278,8
7130232,17872862,2
7130232,204767,1
7130232,19443174,1
7130232,22736876,1
7130232,10016242,54
7130232,47094,1
7130232,19654655,6
1473660,18495240,2
1473660,19728145,2
1473660,18955830,1
1473660,19064659,1
1473660,1371991,2
1473660,929402,11
1473660,1187715,3
1473660,18589616,1
1473660,1349592,1
1473660,1642477,1
1473660,47094,1
24906881,19728145,1
24906881,6641192,1
24906881,18779992,1
24906881,11625832,1
24906881,23398017,3
24906881,16487812,2
24906881,21755271,1
24906881,7138452,1
24906881,10016162,1
24906881,21837219,1
24906881,20041384,1
24906881,7836842,1
24906881,17467312,1
24906881,1578685,1
24906881,10178242,1
24906881,14546632,3
24906881,7699922,1
24906881,18616278,1
24906881,19654655,1
1240194,18495240,2
1240194,19728145,1
1240194,17487002,1
1240194,7836842,1
1240194,1697586,1
1240194,18616278,1
1240194,17872862,1
1240194,11625832,1
1240194,929402,2
24743042,23723436,1
18672773,14396812,3
18672773,19728145,1
18672773,1578685,1
18672773,20348898,2
18672773,15552112,1
20182158,20336043,1
11375762,1187715,1
11375762,18562307,1
11375762,19713173,6
11375762,20807142,3
11375762,19828207,1
11375762,18955830,2
11375762,20757821,1
7138452,3173762,1
7138452,23398017,1
7138452,16487812,1
7138452,10016162,1
7138452,21837219,1
7138452,20493986,3
7138452,14546632,3
7138452,18616278,1
7138452,11625832,5
19713173,1728035,1
19713173,2520612,3
19713173,6641192,1
19713173,18955830,29
19713173,16477792,1
19713173,6190702,5
19713173,929402,2
19713173,20493986,1
19713173,20186791,1
19713173,19828398,1
19713173,16062152,1
19713173,4705492,2
19713173,25681644,1
19713173,18361585,2
19713173,15297782,3
19713173,18562307,21
19713173,18495240,1
19713173,19728145,8
19713173,19416348,1
19713173,18425641,1
19713173,8908602,2
19713173,20757821,1
19713173,1371991,2
19713173,25857366,1
19713173,1187715,7
19713173,21390741,1
19713173,18923420,1
19713173,22730657,1
19713173,20336043,3
19713173,18589616,1
19713173,18953664,1
19713173,1349592,2
19713173,1576921,1
19713173,19443174,1
19713173,20807142,13
19713173,1642477,1
19713173,19828207,7
19713173,10016242,3
25934999,526316,1
25934999,6190702,1
25934999,19728145,1
25934999,1763190,1
25076888,21989057,1
25076888,10178242,1
25076888,21837219,1
25076888,11625832,1
25076888,18837102,4
25076888,18589616,2
25076888,10016242,3
17487002,19348756,2
17487002,18798102,4
17487002,19416348,1
17487002,788001,13
17487002,1728035,1
17487002,1451826,1
17487002,18955830,2
17487002,11294262,2
17487002,19064659,1
17487002,6190702,1
17487002,929402,1
17487002,22130047,1
17487002,710272,4
17487002,18517376,1
17487002,1492619,1
17487002,23674770,1
17487002,1324203,12
17487002,20807142,1
17487002,2496252,2
26090658,25996638,1
26090658,18425641,1
26090658,20583850,1
26090658,22736876,1
26090658,11294262,1
18801828,18562307,1
18801828,19728145,1
18801828,18798102,1
18801828,19262745,1
18801828,19416348,4
18801828,1728035,1
18801828,25521445,1
18801828,6641192,1
18801828,18425641,1
18801828,11294262,2
18801828,22021463,1
18801828,16487812,2
18801828,19033734,1
18801828,1492619,2
18801828,19822479,1
18801828,23594916,1
18801828,7836842,1
18801828,1324203,2
18801828,18589616,1
18801828,21989057,1
18801828,10178242,1
18801828,4705492,1
18801828,18616278,2
18801828,22736876,1
18801828,10016242,1
18801828,15297782,2
18801828,18556157,2
19852452,19728145,1
7836842,788001,1
7836842,1728035,19
7836842,6641192,1
7836842,18855476,3
7836842,18955830,2
7836842,18677333,1
7836842,16477792,17
7836842,15552112,1
7836842,929402,2
7836842,20186791,1
7836842,20041384,2
7836842,16447162,2
7836842,10178242,22
7836842,14649032,6
7836842,14546632,3
7836842,16062152,36
7836842,4705492,1
7836842,18361585,4
7836842,2237681,1
7836842,15297782,48
7836842,18556157,2
7836842,18562307,1
7836842,19728145,1
7836842,19262745,1
7836842,19416348,2
7836842,8908602,1
7836842,18767675,2
7836842,23353167,2
7836842,7151442,4
7836842,22021463,1
7836842,18779992,6
7836842,11625832,20
7836842,3173762,8
7836842,1187715,2
7836842,16487812,31
7836842,14396812,2
7836842,19822479,1
7836842,22730657,1
7836842,21837219,10
7836842,23594916,1
7836842,18589616,13
7836842,17467312,8
7836842,18476981,1
7836842,18616278,7
7836842,17872862,3
7836842,204767,1
7836842,20197351,1
7836842,526316,1
7836842,10016242,57
7836842,19654655,5
1324203,18798102,6
1324203,788001,10
1324203,1728035,1
1324203,6641192,3
1324203,18955830,2
1324203,11294262,2
1324203,710272,15
1324203,20186791,2
1324203,10178242,1
1324203,14649032,1
1324203,16062152,1
1324203,18660552,1
1324203,4705492,1
1324203,18361585,1
1324203,22193397,1
1324203,15297782,1
1324203,2496252,4
1324203,18562307,1
1324203,19728145,5
1324203,19348756,1
1324203,19416348,1
1324203,18425641,2
1324203,7700282,1
1324203,1371991,1
1324203,1763190,1
1324203,22130047,3
1324203,18517376,1
1324203,1187715,1
1324203,23674770,2
1324203,18923420,1
1324203,21338021,1
1324203,24850344,1
1324203,18589616,1
1324203,18180033,1
1324203,23515107,1
1324203,20807142,1
1324203,526316,3
1324203,22736876,1
1324203,10016242,1
1324203,19908083,1
25810092,19680459,3
1307837,1187715,1
1307837,19822479,1
1307837,19064659,1
1307837,19416348,1
1307837,6190702,1
1307837,3636792,1
18556100,10178242,1
18556100,19728145,1
18556100,18955830,1
18660552,710272,1
18660552,18517376,1
18660552,1187715,1
18660552,18923420,1
18660552,18314669,1
18660552,18589616,1
18660552,18642226,2
18660552,18955830,1
18660552,1371991,1
18660552,1763190,4
25357512,1187715,1
25357512,24803205,1
25357512,19728145,1
25357512,1371991,1
25357512,20940321,1
25357512,1642477,1
19680459,1187715,2
19680459,18314669,1
19680459,1697586,2
19680459,11294262,1
19680459,18955830,2
19680459,4705492,1
19680459,18573279,1
19680459,19680612,1
2542802,10016162,1
2542802,22736876,1
2542802,10016242,1
2542802,7700282,1
4705492,9307682,1
4705492,1728035,1
4705492,18955830,4
4705492,11294262,1
4705492,6190702,1
4705492,929402,1
4705492,1492619,23
4705492,21989057,1
4705492,10178242,1
4705492,2496252,1
4705492,18562307,4
4705492,19728145,6
4705492,1787157,1
4705492,19416348,4
4705492,18425641,6
4705492,7700282,3
4705492,14380872,5
4705492,20806988,1
4705492,22021463,1
4705492,1371991,1
4705492,20129636,1
4705492,11625832,1
4705492,1187715,1
4705492,19822479,1
4705492,7694232,1
4705492,20336043,1
4705492,23723436,2
4705492,18314669,1
4705492,1029550,1
4705492,21192621,1
4705492,18616278,1
4705492,1576921,2
4705492,204767,2
4705492,18573279,1
4705492,20807142,1
4705492,19443174,1
4705492,22736876,4
4705492,526316,1
4705492,1642477,2
22920407,21755271,1
22920407,19728145,2
22920407,1371991,1
22920407,23285340,1
22920407,19687074,1
22920407,1642477,1
22920407,6190702,1
1805550,6641192,1
1805550,15552112,1
18361585,1728035,2
18361585,18855476,1
18361585,18955830,2
18361585,16477792,2
18361585,6190702,1
18361585,18837102,1
18361585,15552112,1
18361585,929402,2
18361585,20186791,2
18361585,16447162,1
18361585,10178242,3
18361585,14649032,1
18361585,2237681,1
18361585,15297782,3
18361585,18556157,1
18361585,19728145,2
18361585,19262745,1
18361585,23353167,1
18361585,7151442,1
18361585,18779992,1
18361585,11625832,3
18361585,3173762,1
18361585,1187715,2
18361585,16487812,9
18361585,21837219,1
18361585,18589616,2
18361585,17467312,9
18361585,18616278,1
18361585,1576921,2
18361585,17872862,1
18361585,526316,1
18361585,1642477,1
18361585,10016242,3
18361585,19654655,1
2237681,16487812,1
2237681,11625832,1
2237681,10016242,1
2237681,18855476,1
22193397,526316,1
22193397,19728145,1
15297782,1728035,7
15297782,18855476,1
15297782,11294262,2
15297782,18955830,1
15297782,18677333,1
15297782,16477792,9
15297782,18837102,1
15297782,15552112,1
15297782,929402,1
15297782,20493986,1
15297782,16447162,4
15297782,10178242,10
15297782,16062152,24
15297782,14546632,2
15297782,14649032,4
15297782,18556157,1
15297782,18562307,1
15297782,19728145,1
15297782,19262745,1
15297782,19416348,1
15297782,18425641,1
15297782,8908602,1
15297782,18767675,1
15297782,14380872,1
15297782,23353167,3
15297782,7151442,4
15297782,22021463,3
15297782,18779992,4
15297782,11625832,5
15297782,1763190,1
15297782,3173762,3
15297782,1187715,1
15297782,16487812,13
15297782,14396812,1
15297782,19822479,1
15297782,21837219,2
15297782,23594916,1
15297782,18589616,19
15297782,17467312,4
15297782,18616278,6
15297782,17872862,2
15297782,204767,3
15297782,10016242,17
15297782,19654655,3
21306620,20336043,1
21306620,20807142,1
18556157,19416348,2
18556157,1728035,2
18556157,18425641,1
18556157,18955830,2
18556157,11294262,1
18556157,7700282,1
18556157,19496778,1
18556157,23353167,1
18556157,22021463,1
18556157,15552112,1
18556157,929402,1
18556157,3173762,1
18556157,1187715,1
18556157,16487812,2
18556157,19033734,1
18556157,1492619,1
18556157,18589616,1
18556157,17467312,1
18556157,21989057,1
18556157,10178242,1
18556157,18616278,1
18556157,17872862,1
18556157,19443174,1
18556157,22736876,1
18556157,526316,1
2305281,1578685,1
18562307,6641192,1
18562307,18955830,15
18562307,11294262,1
18562307,16477792,1
18562307,6190702,4
18562307,929402,1
18562307,1492619,1
18562307,20186791,2
18562307,20065975,1
18562307,10178242,1
18562307,19728145,1
18562307,1787157,1
18562307,19416348,3
18562307,26091301,1
18562307,18425641,9
18562307,7700282,1
18562307,8908602,6
18562307,20757821,2
18562307,20129636,1
18562307,21245809,1
18562307,1763190,1
18562307,1187715,2
18562307,24803205,1
18562307,19822479,3
18562307,18923420,2
18562307,20336043,1
18562307,23723436,1
18562307,18616278,1
18562307,1349592,2
18562307,20807142,10
18562307,526316,3
18562307,8968172,1
18562307,22736876,2
18562307,19828207,3
18562307,10016242,1
19348756,710272,2
19348756,18798102,2
19348756,788001,2
19348756,24850344,1
1787157,1728035,1
1787157,1576921,1
19262745,19416348,2
19262745,7151442,1
19262745,1371991,1
19262745,16477792,1
19262745,15552112,1
19262745,18468466,1
19262745,1187715,1
19262745,16487812,1
19262745,21755271,1
19262745,1492619,1
19262745,17467312,1
19262745,18589616,1
19262745,10178242,1
19262745,14649032,1
19262745,1642477,1
19262745,19654655,1
19416348,6641192,1
19416348,11294262,1
19416348,1492619,1
19416348,10178242,1
19416348,16062152,1
19416348,2496252,1
19416348,18425641,4
19416348,7700282,2
19416348,8908602,1
19416348,14380872,1
19416348,1371991,1
19416348,18571126,1
19416348,1187715,1
19416348,1349592,1
19416348,20807142,1
19416348,22736876,3
19416348,18232817,1
25521445,23594916,2
25150760,18425641,1
18642226,1763190,2
20757821,19822479,1
20757821,20336043,1
20757821,19828398,1
20757821,18955830,2
20757821,7151442,1
20757821,20807142,2
20757821,19828207,1
24556869,21632405,2
20806988,1187715,1
20806988,19728145,1
20806988,18589616,1
20806988,23573879,1
25857366,1187715,1
25857366,1371991,1
25857366,18955830,1
22021463,1728035,3
22021463,11294262,1
22021463,7700282,1
22021463,16487812,2
22021463,19033734,1
22021463,18476981,1
22021463,20338101,1
22021463,21989057,1
22021463,14649032,1
22021463,18616278,1
22021463,204767,8
22021463,10016242,1
25996638,18425641,1
25996638,22736876,3
25996638,8908602,1
11625832,1728035,1
11625832,18855476,2
11625832,18955830,3
11625832,11294262,2
11625832,16477792,25
11625832,18837102,2
11625832,15552112,1
11625832,929402,1
11625832,23398017,2
11625832,20493986,2
11625832,20041384,1
11625832,19828398,1
11625832,16447162,11
11625832,1578685,1
11625832,10178242,22
11625832,14649032,5
11625832,14546632,11
11625832,16062152,4
11625832,12588802,1
11625832,19728145,3
11625832,18767675,1
11625832,23353167,3
11625832,7151442,4
11625832,18779992,8
11625832,1763190,1
11625832,3173762,5
11625832,1187715,1
11625832,16487812,44
11625832,21755271,1
11625832,21837219,17
11625832,23594916,2
11625832,18314669,1
11625832,17467312,14
11625832,18589616,11
11625832,18616278,12
11625832,17872862,7
11625832,526316,1
11625832,19828207,1
11625832,10016242,65
11625832,47094,2
11625832,19654655,9
25482608,1763190,1
23573879,23515107,1
24249720,1492619,1
22130047,710272,3
22130047,18798102,1
22130047,788001,1
22130047,19687074,1
22130047,2496252,1
18517376,18495240,1
18517376,11294262,1
18517376,18955830,1
18517376,1371991,1
18517376,6190702,1
18517376,1763190,1
18517376,929402,1
18517376,710272,1
18517376,1187715,2
18517376,18923420,1
18517376,18589616,1
3173762,788001,1
3173762,1728035,2
3173762,11294262,1
3173762,23353167,2
3173762,20135762,2
3173762,7151442,2
3173762,18779992,5
3173762,16477792,9
3173762,6190702,1
3173762,18837102,2
3173762,15552112,1
3173762,929402,1
3173762,1187715,1
3173762,16487812,7
3173762,21837219,6
3173762,18589616,6
3173762,17467312,3
3173762,16447162,1
3173762,18180033,1
3173762,10178242,15
3173762,14546632,1
3173762,18616278,10
3173762,18882523,1
3173762,17872862,2
3173762,10016242,12
3173762,19654655,1
16487812,788001,1
16487812,1728035,13
16487812,6641192,1
16487812,18855476,4
16487812,11294262,1
16487812,18955830,1
16487812,16477792,34
16487812,6190702,1
16487812,15552112,2
16487812,929402,1
16487812,23398017,1
16487812,19033734,1
16487812,20186791,1
16487812,20041384,2
16487812,19828398,1
16487812,16447162,14
16487812,1578685,1
16487812,21989057,1
16487812,10178242,27
16487812,14649032,6
16487812,14546632,5
16487812,16062152,6
16487812,19728145,1
16487812,8908602,1
16487812,18767675,1
16487812,23353167,4
16487812,7151442,9
16487812,18779992,8
16487812,1187715,1
16487812,21755271,1
16487812,21837219,9
16487812,23594916,1
16487812,18589616,6
16487812,17467312,11
16487812,18616278,10
16487812,18882523,2
16487812,17872862,4
16487812,19443174,1
16487812,20197351,1
16487812,10016242,75
16487812,47094,1
16487812,19654655,7
21755271,19687074,1
21755271,1578685,1
21755271,19064659,1
21755271,1371991,1
21755271,1642477,1
14396812,19728145,1
14396812,1728035,1
14396812,18955830,1
14396812,18677333,1
14396812,15552112,3
14396812,18589616,1
14396812,1578685,1
14396812,16062152,1
14396812,20348898,2
14396812,10016242,1
13288852,10016162,1
13288852,11294262,1
13288852,7700282,1
21632405,47094,1
21390741,1187715,1
21390741,1371991,1
21390741,20336043,1
21390741,18314669,1
21390741,19828207,2
10016162,7700282,1
10016162,7151442,3
10016162,18779992,1
10016162,16477792,4
10016162,23398017,1
10016162,21837219,1
10016162,17467312,2
10016162,14546632,1
10016162,18616278,1
10016162,17872862,1
10016162,10016242,1
21837219,788001,1
21837219,1728035,3
21837219,18955830,1
21837219,16477792,22
21837219,23398017,1
21837219,16447162,3
21837219,10178242,11
21837219,16062152,1
21837219,14546632,1
21837219,23353167,1
21837219,7151442,2
21837219,20135762,1
21837219,18779992,2
21837219,23594916,1
21837219,17467312,4
21837219,18589616,1
21837219,18616278,7
21837219,10016242,36
21837219,19654655,4
18974119,18476981,1
20583850,9307682,1
20583850,11294262,2
20583850,7700282,2
20336043,18495240,1
20336043,19728145,4
20336043,18955830,4
20336043,1371991,3
20336043,6190702,1
20336043,1187715,4
20336043,18314669,1
20336043,18476981,1
20336043,19443174,2
20336043,20807142,1
20336043,1642477,1
20336043,19828207,2
23723436,1187715,2
23723436,1492619,3
23723436,18425641,1
23723436,18955830,1
23723436,1371991,1
23723436,22736876,1
23723436,19908083,1
18314669,19728145,2
18314669,20940321,1
18314669,18955830,1
18314669,8908602,1
18314669,1371991,2
18314669,16477792,1
18314669,1187715,2
18314669,18589616,1
18314669,16447162,1
18314669,7699922,3
18314669,1349592,2
18314669,18573279,2
18314669,1642477,1
18314669,19828207,1
1029550,526316,1
1029550,1576921,1
19035579,10178242,1
18816443,1187715,1
18816443,18955830,1
18953664,1187715,2
18953664,18955830,2
7699922,23398017,1
7699922,1187715,2
7699922,19728145,2
7699922,10178242,1
7699922,14546632,1
7699922,1371991,2
7699922,1349592,1
7699922,1576921,1
7699922,1642477,2
7699922,19654655,1
20807142,19728145,1
20807142,18425641,1
20807142,18955830,6
20807142,11294262,1
20807142,7700282,1
20807142,1763190,1
20807142,1187715,3
20807142,19822479,2
20807142,19828398,3
20807142,526316,1
20807142,19828207,1
19443174,1492619,1
19443174,19728145,1
19443174,18955830,2
19443174,7700282,1
19443174,18779992,1
19443174,23515107,1
19443174,10016242,1
19443174,929402,1
19828207,19728145,1
19828207,18955830,2
19828207,8908602,1
19828207,1371991,1
19828207,6190702,1
19828207,1187715,2
19828207,20186791,1
19828207,1642477,2
19828207,10016242,1
10016242,788001,1
10016242,1728035,17
10016242,6641192,1
10016242,17686062,1
10016242,18855476,6
10016242,18955830,4
10016242,18677333,1
10016242,16477792,64
10016242,18837102,6
10016242,15552112,1
10016242,20186791,1
10016242,19828398,1
10016242,16447162,24
10016242,10178242,42
10016242,16062152,9
10016242,14649032,8
10016242,14546632,6
10016242,12588802,1
10016242,18495240,1
10016242,7700282,1
10016242,23353167,3
10016242,7151442,7
10016242,18779992,11
10016242,23594916,3
10016242,17467312,15
10016242,18589616,7
10016242,8796112,1
10016242,18616278,32
10016242,18882523,1
10016242,17872862,3
10016242,204767,1
10016242,47094,1
10016242,19654655,8
19908083,1187715,1
19908083,1492619,1
19908083,1371991,1
19908083,20186791,1
19908083,18425641,1
18798102,710272,4
18798102,1492619,1
18798102,788001,5
18798102,21338021,1
18798102,526316,1
18798102,2496252,2
25884191,12588802,1
25884191,18955830,1
20940321,1187715,1
9307682,1492619,1
9307682,7700282,4
788001,19728145,1
788001,18779992,1
788001,710272,8
788001,23674770,1
788001,2496252,2
788001,19828398,1
788001,10178242,1
788001,526316,1
2520612,18495240,1
2520612,18955830,3
1728035,6641192,1
1728035,18855476,2
1728035,11294262,2
1728035,18677333,1
1728035,16477792,4
1728035,15552112,1
1728035,929402,1
1728035,19033734,1
1728035,1492619,1
1728035,20186791,1
1728035,20041384,1
1728035,19828398,1
1728035,16447162,1
1728035,21989057,1
1728035,10178242,9
1728035,16062152,5
1728035,14546632,1
1728035,12588802,1
1728035,19728145,3
1728035,18425641,2
1728035,7700282,1
1728035,23353167,2
1728035,7151442,1
1728035,18779992,1
1728035,1187715,2
1728035,18589616,4
1728035,17467312,2
1728035,18616278,5
1728035,17872862,2
1728035,204767,4
1728035,22736876,1
1728035,19654655,2
24925734,19728145,1
24925734,526316,1
6641192,12588802,1
6641192,19728145,1
6641192,18425641,1
6641192,1697586,1
6641192,18855476,1
6641192,11294262,1
6641192,18955830,2
6641192,929402,1
6641192,710272,1
6641192,23398017,1
6641192,19687074,1
6641192,2496252,1
6641192,20186791,1
6641192,22736876,1
17686062,16447162,1
17686062,18616278,2
18855476,20186791,1
18855476,10178242,2
18955830,11294262,1
18955830,3636792,1
18955830,16477792,2
18955830,6190702,6
18955830,15552112,1
18955830,929402,4
18955830,710272,1
18955830,1492619,3
18955830,20186791,5
18955830,19828398,4
18955830,10178242,1
18955830,16062152,2
18955830,22468329,1
18955830,25681644,1
18955830,2496252,3
18955830,19728145,20
18955830,26091301,1
18955830,18425641,1
18955830,1451826,1
18955830,1697586,1
18955830,7700282,1
18955830,8908602,1
18955830,14380872,1
18955830,1371991,17
18955830,20129636,2
18955830,255854,1
18955830,1763190,2
18955830,1187715,39
18955830,24803205,4
18955830,18923420,2
18955830,22730657,1
18955830,24850344,1
18955830,18589616,2
18955830,18616278,1
18955830,1349592,4
18955830,1576921,1
18955830,18573279,1
18955830,23515107,1
18955830,526316,6
18955830,1642477,6
11294262,16477792,1
11294262,6190702,1
11294262,15552112,1
11294262,19033734,1
11294262,21989057,1
11294262,10178242,1
11294262,14546632,1
11294262,19728145,2
11294262,18425641,2
11294262,1697586,1
11294262,7700282,1
11294262,8908602,1
11294262,7151442,1
11294262,21245809,1
11294262,1187715,1
11294262,19822479,1
11294262,18589616,1
11294262,18180033,1
11294262,18616278,1
11294262,22736876,1
11294262,526316,1
3636792,1187715,1
3636792,19064659,1
3636792,6190702,1
18677333,710272,1
18677333,16062152,1
18677333,18589616,1
23285340,19728145,1
16477792,18837102,3
16477792,6190702,1
16477792,19828398,1
16477792,16447162,5
16477792,10178242,24
16477792,14649032,5
16477792,14546632,1
16477792,18495240,1
16477792,23353167,1
16477792,7151442,30
16477792,18779992,12
16477792,1187715,1
16477792,17467312,17
16477792,18589616,15
16477792,18616278,21
16477792,17872862,4
16477792,526316,2
16477792,1642477,1
16477792,47094,1
16477792,19654655,3
6190702,18468466,1
6190702,929402,2
6190702,1492619,1
6190702,19687074,1
6190702,10178242,1
6190702,2496252,1
6190702,18495240,1
6190702,19728145,18
6190702,1451826,1
6190702,8908602,2
6190702,19064659,2
6190702,1371991,3
6190702,18779992,1
6190702,1187715,9
6190702,24803205,3
6190702,17467312,1
6190702,1349592,1
6190702,1576921,1
18837102,18589616,1
18837102,21989057,1
18837102,10178242,3
18837102,23353167,2
18837102,7151442,1
18837102,18616278,4
18837102,18779992,2
15552112,18468466,1
15552112,929402,1
15552112,1578685,1
15552112,10178242,1
15552112,14546632,1
15552112,7700282,1
15552112,23353167,1
15552112,1187715,1
15552112,18589616,1
15552112,17467312,1
15552112,18476981,1
15552112,18180033,1
15552112,1349592,1
15552112,17872862,1
15552112,20348898,1
15552112,47094,1
24153712,710272,1
18468466,19728145,1
929402,1492619,2
929402,1578685,1
929402,10178242,1
929402,2496252,1
929402,18495240,3
929402,19728145,5
929402,23353167,1
929402,19064659,1
929402,1371991,3
929402,1187715,4
929402,24803205,1
929402,18589616,3
929402,17467312,2
929402,18616278,1
929402,1349592,2
929402,17872862,2
929402,526316,1
929402,1642477,1
929402,47094,1
710272,19728145,5
710272,7700282,1
710272,1371991,1
710272,20129636,1
710272,1763190,1
710272,1187715,1
710272,18923420,1
710272,19687074,1
710272,20186791,1
710272,24850344,1
710272,18589616,1
710272,18180033,1
710272,14649032,1
710272,526316,1
710272,2496252,4
23398017,19728145,1
23398017,17467312,1
23398017,10178242,1
23398017,14546632,5
23398017,18616278,1
23398017,19654655,1
19033734,21989057,1
19033734,18616278,1
1492619,20186791,1
1492619,2496252,1
1492619,19728145,3
1492619,18425641,2
1492619,7700282,2
1492619,14380872,2
1492619,1371991,1
1492619,1187715,2
1492619,204767,1
1492619,526316,1
1492619,22736876,1
19687074,19728145,1
19687074,1371991,1
19687074,1642477,1
20493986,18589616,2
20493986,16062152,1
20493986,14546632,1
20186791,14649032,1
20186791,19728145,8
20186791,7700282,2
20186791,1371991,2
20186791,1187715,3
20186791,18180033,1
20186791,13635532,1
20186791,1349592,1
20186791,1576921,3
20186791,526316,5
20186791,1642477,1
20041384,18779992,1
19828398,18495240,1
19828398,19728145,2
19828398,7151442,1
19828398,1371991,1
19828398,22730657,1
19828398,18180033,1
19828398,10178242,1
19828398,14649032,1
19828398,526316,1
20065975,19728145,1
16447162,12588802,2
16447162,7151442,3
16447162,18779992,3
16447162,1187715,1
16447162,17467312,3
16447162,18589616,2
16447162,10178242,4
16447162,14546632,2
16447162,14649032,1
16447162,18616278,2
1578685,20348898,1
21989057,16062152,1
21989057,18616278,1
10178242,14546632,7
10178242,14649032,6
10178242,16062152,2
10178242,19728145,3
10178242,7700282,1
10178242,23353167,3
10178242,7151442,13
10178242,18779992,8
10178242,1187715,1
10178242,23594916,1
10178242,17467312,15
10178242,18589616,7
10178242,18616278,8
10178242,18882523,1
10178242,17872862,3
10178242,526316,2
10178242,19654655,9
14546632,19728145,1
14546632,23353167,1
14546632,7151442,1
14546632,17467312,4
14546632,18589616,1
14546632,14649032,2
14546632,18616278,2
14546632,19654655,4
16062152,14649032,1
16062152,2496252,1
16062152,18425641,3
16062152,8908602,1
16062152,18767675,2
16062152,23353167,1
16062152,1187715,1
16062152,23594916,1
16062152,18589616,3
16062152,17467312,1
16062152,18616278,2
16062152,20197351,1
16062152,526316,1
16062152,19654655,1
14649032,19728145,1
14649032,7700282,1
14649032,7151442,4
14649032,17467312,2
14649032,18589616,1
14649032,18616278,3
14649032,19654655,4
25681644,1187715,1
25681644,19728145,1
25681644,1371991,1
25681644,1642477,1
2496252,19728145,2
2496252,1371991,1
2496252,1187715,1
2496252,24850344,1
2496252,23515107,1
2496252,526316,1
12588802,1187715,2
12588802,1697586,1
18495240,19728145,4
18495240,1371991,1
18495240,1187715,3
18495240,22730657,1
18495240,18589616,1
19728145,26091301,1
19728145,1697586,1
19728145,8908602,4
19728145,7700282,3
19728145,1371991,12
19728145,20129636,2
19728145,1763190,2
19728145,25718653,1
19728145,1187715,18
19728145,24803205,6
19728145,23674770,2
19728145,22730657,1
19728145,18476981,3
19728145,18180033,1
19728145,13635532,1
19728145,1349592,3
19728145,1576921,6
19728145,20348898,1
19728145,526316,20
19728145,1642477,8
19728145,19654655,1
26091301,22730657,1
18425641,8908602,3
18425641,7700282,1
18425641,255854,1
18425641,21245809,1
18425641,19822479,1
18425641,18589616,1
18425641,18616278,1
18425641,22736876,10
1697586,1187715,2
1697586,1642477,1
1451826,1187715,1
1451826,18180033,1
1451826,19064659,1
1451826,1371991,1
1451826,20129636,1
8908602,21245809,1
8908602,1187715,1
8908602,19822479,1
8908602,22736876,1
7700282,19822479,1
7700282,204767,1
7700282,22736876,2
18767675,17872862,1
18767675,17467312,1
14380872,19822479,1
19496778,18589616,1
19496778,526316,1
23353167,20135762,1
23353167,1187715,1
23353167,23594916,1
23353167,17467312,2
23353167,18589616,1
23353167,18616278,2
23353167,17872862,2
23353167,19654655,1
7151442,18779992,3
7151442,17467312,5
7151442,18589616,3
7151442,18616278,4
7151442,17872862,2
7151442,526316,1
7151442,19654655,3
19064659,1187715,1
20135762,17872862,3
1371991,20129636,1
1371991,1763190,1
1371991,1187715,27
1371991,24803205,4
1371991,18923420,1
1371991,18589616,1
1371991,1349592,5
1371991,1576921,1
1371991,526316,1
1371991,1642477,9
18779992,18589616,5
18779992,17467312,4
18779992,18616278,2
18779992,17872862,3
20129636,1187715,2
20129636,22730657,1
21245809,19822479,1
1763190,1187715,1
1763190,18923420,5
1763190,18589616,1
1763190,526316,3
25718653,18476981,1
1187715,24803205,5
1187715,23674770,1
1187715,18923420,1
1187715,22730657,1
1187715,18589616,3
1187715,17467312,1
1187715,1349592,5
1187715,1576921,4
1187715,18882523,1
1187715,17872862,1
1187715,18573279,1
1187715,6121452,1
1187715,1642477,11
1187715,526316,1
1187715,19654655,1
24803205,18589616,1
24803205,1349592,1
24803205,1642477,1
19822479,18589616,1
19822479,18616278,1
23674770,25587693,2
18923420,18589616,1
23594916,18589616,1
23594916,17467312,1
24850344,23515107,1
24850344,526316,1
17467312,18589616,3
17467312,18616278,2
17467312,17872862,1
17467312,19654655,5
18589616,18616278,8
18589616,1349592,1
18589616,17872862,3
18589616,47094,1
18476981,526316,1
18616278,18882523,1
18616278,17872862,1
18616278,22736876,1
18616278,19654655,2
1349592,18573279,1
1349592,526316,1
1349592,1642477,1
1349592,47094,2
1576921,526316,1
1576921,1642477,2
18882523,18573279,1
18882523,19654655,1
18573279,19654655,2
23515107,526316,1
